timestamp,Andhra Pradesh,Arunachal Pradesh,Assam,Bihar,Chhattisgarh,Delhi,Goa,Gujarat,Haryana,Himachal Pradesh,Jharkhand,Karnataka,Kerala,Madhya Pradesh,Maharashtra,Manipur,Meghalaya,Mizoram,Nagaland,Odisha,Punjab,Rajasthan,Sikkim,Tamil Nadu,Telangana,Tripura,Uttar Pradesh,Uttarakhand,West Bengal,Andaman and Nicobar Islands,Chandigarh,D&D,Jammu and Kashmir,Ladakh,Lakshadweep,Puducherry
2025-09-14 11:04:01,29.4,28.2,26.0,30.6,29.1,32.3,28.6,28.9,33.3,21.0,29.4,25.6,30.6,28.0,25.0,22.4,20.5,25.0,24.4,29.5,31.3,31.4,17.9,31.8,27.5,27.8,30.6,20.0,31.1,28.8,29.9,27.8,-1.1,18.6,27.3,32.5
2025-09-14 11:17:22,29.8,28.4,26.0,30.6,29.5,32.5,28.8,29.2,33.5,21.0,29.6,25.9,31.0,28.3,25.1,22.4,20.6,25.0,24.3,29.6,31.8,31.8,17.9,32.2,27.5,28.0,30.9,20.0,31.2,28.6,30.3,28.0,-1.0,19.2,27.4,32.8
2025-09-14 11:20:51,29.8,28.4,26.0,30.6,29.5,32.5,,29.2,33.5,21.0,29.6,25.9,31.0,28.3,25.1,22.4,20.6,25.0,24.3,29.6,31.8,31.8,17.9,32.2,27.5,28.0,30.9,20.0,31.2,28.6,30.3,28.0,-1.0,19.2,27.4,32.8
2025-09-14 11:50:37,30.6,29.1,26.9,31.1,30.5,33.2,28.6,29.7,34.3,21.0,30.2,26.5,30.8,29.6,24.9,22.3,20.0,25.6,24.8,29.6,32.6,32.2,18.1,32.7,28.4,28.8,32.5,20.8,30.6,29.0,30.8,27.5,-0.4,20.1,27.1,32.8
2025-09-14 11:57:37,30.6,29.1,26.9,31.1,30.5,33.2,28.6,29.7,34.3,21.0,30.2,26.5,30.8,29.6,24.9,22.3,20.0,25.6,24.8,29.6,32.6,32.2,18.1,32.7,28.4,28.8,32.5,20.8,30.6,29.0,30.8,27.5,-0.4,20.1,27.1,32.8
2025-09-14 12:00:36,30.8,29.2,26.9,31.1,30.8,33.3,28.8,30.0,34.5,21.0,30.2,26.6,30.9,29.9,25.1,22.3,20.0,25.5,24.7,29.8,33.0,32.5,18.0,32.9,28.5,28.9,32.5,21.0,30.8,28.8,31.3,27.6,-0.4,20.5,27.1,33.2
2025-09-14 12:10:37,30.8,29.2,26.9,31.1,30.8,33.3,28.8,30.0,34.5,21.0,30.2,26.6,30.9,29.9,25.1,22.3,20.0,25.5,24.7,29.8,33.0,32.5,18.0,32.9,28.5,28.9,32.5,21.0,30.8,28.8,31.3,27.6,-0.4,20.5,27.1,33.2
2025-09-14 12:20:37,31.0,29.2,26.9,31.0,30.9,33.3,28.8,30.1,34.5,21.0,30.3,26.8,31.0,30.1,25.4,22.3,20.0,25.5,24.6,30.0,33.2,32.7,17.9,33.2,28.7,29.0,32.4,21.1,30.8,28.5,31.7,27.8,-0.3,20.9,27.2,33.4
2025-09-14 12:30:35,31.1,29.3,27.0,31.0,31.0,33.5,28.9,30.2,34.6,21.1,30.3,26.8,31.0,30.4,25.5,22.3,20.0,25.5,24.6,30.0,33.5,32.8,17.9,33.3,28.9,29.0,32.3,21.2,30.9,28.3,32.0,27.8,-0.3,21.1,27.2,33.5
2025-09-14 12:40:35,31.1,29.3,27.0,31.0,31.0,33.5,28.9,30.2,34.6,21.1,30.3,26.8,31.0,30.4,25.5,22.3,20.0,25.5,24.6,30.0,33.5,32.8,17.9,33.3,28.9,29.0,32.3,21.2,30.9,28.3,32.0,27.8,-0.3,21.1,27.2,33.5
2025-09-14 12:50:39,31.4,29.3,27.0,30.9,31.1,33.5,28.9,30.5,34.7,21.1,30.3,27.0,31.0,30.5,25.8,22.2,20.1,25.4,24.6,30.1,33.7,33.0,17.9,33.5,29.0,28.9,32.3,21.2,31.0,28.2,32.3,27.8,-0.2,21.5,27.2,33.7
2025-09-14 13:13:01,31.6,29.2,26.9,30.8,31.2,33.5,28.8,30.7,34.8,21.2,30.4,27.1,31.1,30.8,26.0,22.2,20.2,25.2,24.6,30.2,33.8,33.1,18.0,33.8,29.0,28.5,32.4,21.2,31.0,28.1,32.5,27.6,-0.0,21.8,27.2,33.8
2025-09-14 13:20:36,31.9,29.1,26.9,30.6,31.4,33.4,28.7,30.9,35.0,21.2,30.4,27.4,31.1,30.9,26.2,22.1,20.4,25.1,24.6,30.2,33.8,33.2,18.1,34.0,29.0,28.1,32.4,21.2,31.1,28.1,32.7,27.5,0.2,22.0,27.2,33.8
2025-09-14 13:30:38,32.0,29.0,26.9,30.5,31.4,33.4,28.6,31.0,35.0,21.2,30.4,27.5,31.1,31.0,26.4,22.1,20.5,25.0,24.6,30.2,33.8,33.3,18.2,34.2,29.1,27.9,32.4,21.2,31.2,28.1,32.8,27.5,0.2,22.2,27.2,33.9
2025-09-14 13:40:35,32.0,29.0,26.9,30.5,31.4,33.4,28.6,31.0,35.0,21.2,30.4,27.5,31.1,31.0,26.4,22.1,20.5,25.0,24.6,30.2,33.8,33.3,18.2,34.2,29.1,27.9,32.4,21.2,31.2,28.1,32.8,27.5,0.2,22.2,27.2,33.9
2025-09-14 13:50:37,32.2,29.0,26.9,30.4,31.4,33.3,28.5,31.0,35.0,21.3,30.3,27.5,31.2,31.1,26.3,22.0,20.4,25.0,24.6,30.2,33.9,33.3,18.2,34.3,29.0,27.8,32.3,21.2,31.1,28.1,33.0,27.5,0.3,22.4,27.2,33.9
2025-09-14 14:00:36,32.3,28.9,27.0,30.3,31.4,33.3,28.3,31.1,35.0,21.4,30.2,27.6,31.3,31.3,26.1,22.0,20.1,25.0,24.5,30.0,34.0,33.4,18.2,34.5,29.0,27.8,32.2,21.3,31.0,28.1,33.0,27.5,0.3,22.5,27.2,33.9
2025-09-14 14:10:35,32.3,28.9,27.0,30.3,31.4,33.3,28.3,31.1,35.0,21.4,30.2,27.6,31.3,31.3,26.1,22.0,20.1,25.0,24.5,30.0,34.0,33.4,18.2,34.5,29.0,27.8,32.2,21.3,31.0,28.1,33.0,27.5,0.3,22.5,27.2,33.9
2025-09-14 14:20:37,32.4,28.8,27.0,30.2,31.3,33.3,28.1,31.1,35.0,21.4,30.1,27.7,31.4,31.4,25.9,21.9,19.9,24.9,24.4,29.9,34.0,33.5,18.1,34.5,29.0,27.9,32.2,21.3,30.9,28.0,33.1,27.6,0.4,22.6,27.1,33.8
2025-09-14 14:30:36,32.5,28.7,27.1,30.1,31.2,33.3,28.0,31.1,35.0,21.5,30.1,27.8,31.4,31.5,25.8,21.9,19.8,24.9,24.4,29.8,34.0,33.5,18.1,34.7,29.0,27.9,32.0,21.4,30.8,28.0,33.2,27.6,0.4,22.8,27.1,33.8
2025-09-14 14:40:36,32.5,28.7,27.1,30.1,31.2,33.3,28.0,31.1,35.0,21.5,30.1,27.8,31.4,31.5,25.8,21.9,19.8,24.9,24.4,29.8,34.0,33.5,18.1,34.7,29.0,27.9,32.0,21.4,30.8,28.0,33.2,27.6,0.4,22.8,27.1,33.8
2025-09-14 14:50:35,32.5,28.5,27.1,30.0,31.2,33.2,27.9,31.1,35.0,21.4,29.9,27.8,31.3,31.5,25.6,21.8,19.6,24.8,24.2,29.8,34.0,33.5,18.1,34.7,28.8,27.9,32.0,21.2,30.5,28.0,33.2,27.6,0.4,22.8,27.1,33.6
2025-09-14 15:00:36,32.3,28.1,27.2,30.0,31.1,33.1,27.8,31.0,34.8,21.2,29.6,27.8,31.1,31.5,25.6,21.8,19.5,24.7,24.1,29.8,33.8,33.5,18.0,34.7,28.6,27.9,32.0,21.1,30.1,28.0,33.2,27.5,0.4,22.8,27.1,33.3
2025-09-14 15:10:37,32.3,28.1,27.2,30.0,31.1,33.1,27.8,31.0,34.8,21.2,29.6,27.8,31.1,31.5,25.6,21.8,19.5,24.7,24.1,29.8,33.8,33.5,18.0,34.7,28.6,27.9,32.0,21.1,30.1,28.0,33.2,27.5,0.4,22.8,27.1,33.3
2025-09-14 15:20:36,32.2,27.9,27.2,29.9,31.1,33.0,27.7,31.0,34.8,21.1,29.4,27.8,31.0,31.4,25.6,21.8,19.5,24.6,24.0,29.8,33.8,33.5,18.0,34.6,28.5,28.0,32.1,21.0,29.8,27.9,33.3,27.5,0.4,22.7,27.1,33.1
2025-09-14 15:30:35,32.2,27.6,27.2,29.8,31.0,32.8,27.7,30.9,34.8,21.0,29.2,27.8,30.9,31.3,25.5,21.8,19.5,24.5,23.9,29.8,33.7,33.5,18.0,34.6,28.4,28.0,32.1,20.9,29.5,27.9,33.3,27.4,0.4,22.7,27.1,32.9
2025-09-14 15:40:35,32.2,27.6,27.2,29.8,31.0,32.8,27.7,30.9,34.8,21.0,29.2,27.8,30.9,31.3,25.5,21.8,19.5,24.5,23.9,29.8,33.7,33.5,18.0,34.6,28.4,28.0,32.1,20.9,29.5,27.9,33.3,27.4,0.4,22.7,27.1,32.9
2025-09-14 15:50:38,32.3,27.6,26.8,29.5,31.0,33.2,27.8,31.1,34.8,20.9,27.8,27.5,31.0,31.5,26.5,21.5,19.3,24.0,23.7,30.1,35.3,34.2,17.1,34.2,28.2,26.2,33.7,20.3,29.3,27.8,33.2,27.5,0.8,22.5,27.2,31.3
2025-09-14 16:00:34,32.2,27.2,26.8,29.4,31.0,33.2,27.7,31.0,34.7,20.9,27.6,27.4,30.7,31.4,26.4,21.3,19.2,23.9,23.5,30.1,35.2,34.1,17.1,34.2,28.0,26.1,32.7,20.1,29.1,27.6,33.2,27.5,0.7,22.4,27.2,31.1
2025-09-14 16:10:35,32.2,27.2,26.8,29.4,31.0,33.2,27.7,31.0,34.7,20.9,27.6,27.4,30.7,31.4,26.4,21.3,19.2,23.9,23.5,30.1,35.2,34.1,17.1,34.2,28.0,26.1,32.7,20.1,29.1,27.6,33.2,27.5,0.7,22.4,27.2,31.1
2025-09-14 16:20:36,32.2,27.0,26.7,29.3,30.9,33.1,27.6,30.8,34.6,20.8,27.4,27.1,30.5,31.2,26.4,21.2,19.1,23.8,23.5,30.0,35.0,34.0,17.1,34.2,27.9,26.0,31.8,20.0,29.0,27.5,33.2,27.4,0.6,22.1,27.2,31.0
2025-09-14 16:30:36,32.0,26.8,26.6,29.2,30.8,33.1,27.6,30.7,34.5,20.7,27.2,27.0,30.2,31.1,26.4,21.1,19.1,23.6,23.4,30.0,34.8,34.0,17.2,34.2,27.7,26.0,31.1,20.0,28.9,27.5,33.2,27.3,0.6,22.0,27.2,30.8
2025-09-14 16:40:35,32.0,26.8,26.6,29.2,30.8,33.1,27.6,30.7,34.5,20.7,27.2,27.0,30.2,31.1,26.4,21.1,19.1,23.6,23.4,30.0,34.8,34.0,17.2,34.2,27.7,26.0,31.1,20.0,28.9,27.5,33.2,27.3,0.6,22.0,27.2,30.8
2025-09-14 16:50:37,32.0,26.5,26.5,29.0,30.5,33.0,27.5,30.5,34.3,20.6,27.0,26.8,30.0,30.9,26.3,21.0,19.0,23.5,23.2,29.8,34.7,33.8,17.1,34.0,27.4,25.9,30.7,19.8,28.7,27.4,33.0,27.2,0.5,21.9,27.2,30.5
2025-09-14 17:00:34,31.8,26.4,26.4,28.9,30.1,32.8,27.3,30.4,34.2,20.5,26.9,26.5,29.6,30.5,26.2,21.0,19.0,23.5,23.1,29.5,34.4,33.5,17.0,33.7,27.0,25.8,30.4,19.7,28.5,27.2,32.9,27.2,0.4,21.6,27.2,30.2
2025-09-14 17:10:35,31.8,26.4,26.4,28.9,30.1,32.8,27.3,30.4,34.2,20.5,26.9,26.5,29.6,30.5,26.2,21.0,19.0,23.5,23.1,29.5,34.4,33.5,17.0,33.7,27.0,25.8,30.4,19.7,28.5,27.2,32.9,27.2,0.4,21.6,27.2,30.2
2025-09-14 17:20:35,31.7,26.2,26.3,28.8,29.8,32.7,27.1,30.2,34.0,20.4,26.6,26.1,29.2,30.1,26.2,21.0,18.9,23.4,23.0,29.1,34.2,33.3,16.9,33.4,26.7,25.7,30.2,19.6,28.5,27.1,32.8,27.1,0.2,21.4,27.2,30.0
2025-09-14 17:30:35,31.6,26.0,26.2,28.6,29.5,32.6,27.0,30.1,33.8,20.3,26.5,26.0,29.0,29.9,26.2,21.0,18.9,23.4,23.0,29.0,34.0,33.2,16.8,33.2,26.5,25.6,30.0,19.5,28.4,27.1,32.7,27.1,0.2,21.2,27.2,29.8
2025-09-14 17:40:34,31.6,26.0,26.2,28.6,29.5,32.6,27.0,30.1,33.8,20.3,26.5,26.0,29.0,29.9,26.2,21.0,18.9,23.4,23.0,29.0,34.0,33.2,16.8,33.2,26.5,25.6,30.0,19.5,28.4,27.1,32.7,27.1,0.2,21.2,27.2,29.8
2025-09-14 17:50:37,31.3,25.9,26.1,28.5,29.4,32.3,26.9,29.8,33.4,20.1,26.4,25.6,28.7,29.6,26.0,20.9,18.8,23.3,22.9,28.8,33.6,32.8,16.7,32.7,26.2,25.6,29.8,19.4,28.2,27.0,32.3,27.0,-0.0,20.9,27.2,29.5
2025-09-14 18:00:36,30.9,25.6,26.0,28.4,29.1,32.1,26.8,29.4,33.0,19.9,26.3,25.3,28.4,29.2,25.9,20.9,18.7,23.2,22.9,28.5,33.1,32.4,16.7,32.0,26.0,25.5,29.5,19.1,28.0,27.0,31.9,27.0,-0.2,20.5,27.3,29.1
2025-09-14 18:10:35,30.9,25.6,26.0,28.4,29.1,32.1,26.8,29.4,33.0,19.9,26.3,25.3,28.4,29.2,25.9,20.9,18.7,23.2,22.9,28.5,33.1,32.4,16.7,32.0,26.0,25.5,29.5,19.1,28.0,27.0,31.9,27.0,-0.2,20.5,27.3,29.1
2025-09-14 18:20:36,30.5,25.4,25.9,28.3,29.0,31.9,26.6,29.0,32.5,19.7,26.1,25.0,28.0,29.0,25.6,20.9,18.6,23.2,22.8,28.4,32.7,32.0,16.6,31.4,25.8,25.5,29.3,19.0,27.9,26.9,31.5,27.0,-0.4,20.0,27.3,28.8
2025-09-14 18:30:36,30.2,25.2,25.8,28.2,28.9,31.7,26.6,28.7,32.2,19.5,26.1,24.8,27.8,28.8,25.5,20.9,18.6,23.2,22.8,28.2,32.3,31.6,16.6,30.9,25.6,25.5,29.1,18.9,27.7,26.9,31.2,26.9,-0.6,19.8,27.3,28.5
2025-09-14 18:40:35,30.2,25.2,25.8,28.2,28.9,31.7,26.6,28.7,32.2,19.5,26.1,24.8,27.8,28.8,25.5,20.9,18.6,23.2,22.8,28.2,32.3,31.6,16.6,30.9,25.6,25.5,29.1,18.9,27.7,26.9,31.2,26.9,-0.6,19.8,27.3,28.5
2025-09-14 18:50:38,29.8,25.0,25.7,28.1,28.7,31.5,26.5,28.4,31.8,19.3,26.0,24.5,27.5,28.5,25.4,20.9,18.5,23.1,22.7,28.1,32.0,31.2,16.6,30.5,25.4,25.4,29.0,18.6,27.6,26.8,30.9,26.9,-0.8,19.4,27.3,28.2
2025-09-14 19:00:35,29.4,25.0,25.7,28.0,28.4,31.2,26.4,28.0,31.4,19.0,25.9,24.2,27.1,28.3,25.1,20.9,18.5,23.1,22.7,28.0,31.5,30.7,16.8,30.3,25.2,25.4,28.8,18.4,27.5,26.8,30.5,26.9,-0.9,18.9,27.4,28.0
2025-09-14 19:10:36,29.4,25.0,25.7,28.0,28.4,31.2,26.4,28.0,31.4,19.0,25.9,24.2,27.1,28.3,25.1,20.9,18.5,23.1,22.7,28.0,31.5,30.7,16.8,30.3,25.2,25.4,28.8,18.4,27.5,26.8,30.5,26.9,-0.9,18.9,27.4,28.0
2025-09-14 19:20:36,28.9,24.9,25.7,27.9,28.2,31.0,26.2,27.7,31.0,18.8,25.8,23.9,26.9,28.1,25.0,20.9,18.5,23.1,22.7,27.9,31.2,30.2,16.8,30.1,25.1,25.4,28.6,18.1,27.5,26.9,30.1,26.8,-1.0,18.4,27.4,27.9
2025-09-14 19:30:36,28.5,24.8,25.7,27.9,28.0,30.9,26.2,27.5,30.9,18.6,25.8,23.7,26.8,28.0,24.9,20.9,18.5,23.0,22.7,27.8,31.0,29.9,16.9,30.0,25.0,25.4,28.5,18.0,27.4,26.9,30.0,26.8,-1.1,18.1,27.4,27.8
2025-09-14 19:40:36,28.5,24.8,25.7,27.9,28.0,30.9,26.2,27.5,30.9,18.6,25.8,23.7,26.8,28.0,24.9,20.9,18.5,23.0,22.7,27.8,31.0,29.9,16.9,30.0,25.0,25.4,28.5,18.0,27.4,26.9,30.0,26.8,-1.1,18.1,27.4,27.8
2025-09-14 19:50:36,28.4,24.6,25.7,27.8,27.8,30.6,26.1,27.2,30.6,18.5,25.6,23.5,26.6,27.8,24.9,20.8,18.4,23.0,22.7,27.7,30.7,29.5,16.9,29.7,25.0,25.4,28.4,17.9,27.4,26.8,29.7,26.7,-1.1,17.8,27.4,27.6
2025-09-14 20:00:35,28.2,24.6,25.6,27.8,27.5,30.5,26.0,27.0,30.4,18.3,25.6,23.2,26.5,27.6,24.8,20.8,18.4,23.0,22.6,27.6,30.5,29.2,16.8,29.5,24.9,25.3,28.2,17.8,27.3,26.8,29.5,26.6,-1.2,17.4,27.4,27.5
2025-09-14 20:10:35,28.2,24.6,25.6,27.8,27.5,30.5,26.0,27.0,30.4,18.3,25.6,23.2,26.5,27.6,24.8,20.8,18.4,23.0,22.6,27.6,30.5,29.2,16.8,29.5,24.9,25.3,28.2,17.8,27.3,26.8,29.5,26.6,-1.2,17.4,27.4,27.5
2025-09-14 20:20:35,28.1,24.5,25.6,27.7,27.4,30.4,26.0,26.9,30.1,18.2,25.5,23.1,26.4,27.5,24.8,20.7,18.3,23.0,22.6,27.5,30.2,29.0,16.8,29.1,24.8,25.3,28.1,17.7,27.2,26.7,29.4,26.6,-1.2,17.1,27.3,27.5
2025-09-14 20:30:35,28.0,24.5,25.6,27.6,27.2,30.2,26.0,26.7,30.0,18.1,25.5,23.0,26.2,27.5,24.8,20.7,18.3,23.0,22.6,27.5,30.1,28.8,16.8,29.0,24.8,25.3,28.0,17.7,27.2,26.7,29.2,26.5,-1.2,16.9,27.3,27.5
2025-09-14 20:40:35,28.0,24.5,25.6,27.6,27.2,30.2,26.0,26.7,30.0,18.1,25.5,23.0,26.2,27.5,24.8,20.7,18.3,23.0,22.6,27.5,30.1,28.8,16.8,29.0,24.8,25.3,28.0,17.7,27.2,26.7,29.2,26.5,-1.2,16.9,27.3,27.5
2025-09-14 20:50:36,28.0,24.4,25.5,27.6,27.0,30.0,26.0,26.5,29.9,18.0,25.4,22.8,26.1,27.4,24.7,20.6,18.2,23.0,22.5,27.4,30.0,28.5,16.6,28.6,24.8,25.3,27.9,17.6,27.1,26.7,29.1,26.5,-1.1,16.6,27.3,27.4
2025-09-14 21:00:35,27.8,24.1,25.5,27.5,27.0,29.9,25.9,26.5,29.6,17.9,25.4,22.6,26.0,27.4,24.6,20.6,18.2,23.0,22.5,27.3,29.8,28.3,16.5,28.1,24.7,25.2,27.8,17.5,27.1,26.7,29.0,26.5,-1.1,16.2,27.3,27.3
2025-09-14 21:10:35,27.8,24.1,25.5,27.5,27.0,29.9,25.9,26.5,29.6,17.9,25.4,22.6,26.0,27.4,24.6,20.6,18.2,23.0,22.5,27.3,29.8,28.3,16.5,28.1,24.7,25.2,27.8,17.5,27.1,26.7,29.0,26.5,-1.1,16.2,27.3,27.3
2025-09-14 21:20:35,27.7,24.0,25.5,27.5,26.9,29.8,25.9,26.3,29.5,17.9,25.2,22.5,25.9,27.3,24.5,20.6,18.2,22.9,22.5,27.2,29.6,28.0,16.4,27.7,24.6,25.2,27.8,17.5,27.0,26.7,29.0,26.5,-1.1,16.0,27.3,27.2
2025-09-14 21:30:35,27.6,23.9,25.4,27.4,26.8,29.7,25.9,26.2,29.5,17.8,25.2,22.5,25.9,27.2,24.5,20.6,18.2,22.9,22.5,27.1,29.5,27.9,16.4,27.5,24.6,25.2,27.6,17.5,27.0,26.7,29.0,26.4,-1.1,15.8,27.3,27.2
2025-09-14 21:40:35,27.6,23.9,25.4,27.4,26.8,29.7,25.9,26.2,29.5,17.8,25.2,22.5,25.9,27.2,24.5,20.6,18.2,22.9,22.5,27.1,29.5,27.9,16.4,27.5,24.6,25.2,27.6,17.5,27.0,26.7,29.0,26.4,-1.1,15.8,27.3,27.2
2025-09-14 21:50:36,27.5,23.8,25.4,27.4,26.7,29.5,25.8,26.1,29.4,17.8,25.1,22.4,25.8,27.1,24.5,20.6,18.1,22.8,22.5,27.1,29.4,27.7,16.3,27.1,24.5,25.1,27.6,17.5,27.0,26.6,28.9,26.4,-1.1,15.5,27.3,27.1
2025-09-14 22:00:36,27.5,23.8,25.4,27.3,26.6,29.5,25.7,26.0,29.2,17.6,25.1,22.2,25.7,27.0,24.5,20.6,18.1,22.8,22.5,27.0,29.2,27.5,16.4,27.0,24.5,25.1,27.5,17.4,26.9,26.6,28.8,26.4,-1.2,15.2,27.3,27.0
2025-09-14 22:10:56,27.5,23.8,25.4,27.3,26.6,29.5,25.7,26.0,29.2,17.6,25.1,22.2,25.7,27.0,24.5,20.6,18.1,22.8,22.5,27.0,29.2,27.5,,27.0,24.5,25.1,27.5,17.4,26.9,26.6,28.8,26.4,-1.2,15.2,27.3,27.0
2025-09-14 22:20:39,27.2,24.0,25.5,27.2,26.9,29.5,25.6,26.0,29.4,17.6,25.2,22.1,25.9,26.6,24.2,21.0,18.2,22.8,22.6,27.2,28.9,27.5,16.9,27.5,24.1,25.1,28.5,17.1,27.0,26.6,28.2,25.9,-1.6,15.0,27.3,27.6
2025-09-14 22:30:36,27.2,23.9,25.4,27.2,26.9,29.5,25.6,25.9,29.3,17.6,25.2,22.0,25.8,26.5,24.2,21.0,18.2,22.8,22.6,27.1,28.8,27.4,16.6,27.5,24.1,25.1,28.4,17.0,27.0,26.6,28.2,25.8,-1.8,14.8,27.3,27.6
2025-09-14 22:40:36,27.2,23.9,25.4,27.2,26.9,29.5,25.6,25.9,29.3,17.6,25.2,22.0,25.8,26.5,24.2,21.0,18.2,22.8,22.6,27.1,28.8,27.4,16.6,27.5,24.1,25.1,28.4,17.0,27.0,26.6,28.2,25.8,-1.8,14.8,27.3,27.6
2025-09-14 22:50:37,27.1,23.9,25.4,27.2,26.9,29.4,25.5,25.8,29.3,17.5,25.1,22.0,25.7,26.4,24.1,21.0,18.1,22.8,22.6,27.1,28.7,27.2,16.5,27.2,24.0,25.1,28.2,17.0,26.9,26.5,28.1,25.8,-1.8,14.4,27.3,27.5
2025-09-14 23:00:39,27.1,23.8,25.3,27.1,26.8,29.3,25.5,25.6,29.3,17.5,25.1,21.9,25.6,26.2,24.0,21.0,18.0,22.7,22.6,27.0,28.6,27.1,16.6,27.1,24.0,25.1,28.1,17.0,26.9,26.5,28.0,25.8,-1.9,14.2,27.2,27.5
2025-09-14 23:10:38,27.1,23.8,25.3,27.1,26.8,29.3,25.5,25.6,29.3,17.5,25.1,21.9,25.6,26.2,24.0,21.0,18.0,22.7,22.6,27.0,28.6,27.1,16.6,27.1,24.0,25.1,28.1,17.0,26.9,26.5,28.0,25.8,-1.9,14.2,27.2,27.5
2025-09-14 23:20:40,27.1,23.6,25.3,27.0,26.7,29.2,25.5,25.5,29.4,17.5,25.1,21.8,25.5,26.0,24.0,21.0,18.0,22.6,22.7,27.0,28.5,27.0,16.6,27.0,24.0,25.0,28.0,16.9,26.8,26.5,27.9,25.7,-1.9,14.0,27.2,27.4
2025-09-14 23:30:41,27.0,23.6,25.2,27.0,26.6,29.2,25.4,25.5,29.4,17.5,25.1,21.8,25.5,26.0,23.9,21.0,18.0,22.6,22.7,26.9,28.5,26.9,16.8,26.9,23.9,25.0,27.9,16.9,26.8,26.5,27.9,25.6,-2.0,13.9,27.2,27.3
2025-09-14 23:40:40,27.0,23.6,25.2,27.0,26.6,29.2,25.4,25.5,29.4,17.5,25.1,21.8,25.5,26.0,23.9,21.0,18.0,22.6,22.7,26.9,28.5,26.9,16.8,26.9,23.9,25.0,27.9,16.9,26.8,26.5,27.9,25.6,-2.0,13.9,27.2,27.3
2025-09-14 23:50:40,27.0,23.5,25.2,26.9,26.5,29.1,25.4,25.4,29.4,17.4,25.0,21.7,25.5,25.9,23.9,20.9,18.0,22.6,22.7,26.9,28.4,26.7,16.9,26.8,23.9,25.0,27.8,16.9,26.7,26.5,27.8,25.6,-2.0,13.6,27.1,27.2
2025-09-15 00:00:39,27.0,23.5,25.2,26.9,26.4,29.1,25.3,25.1,29.3,17.4,25.0,21.6,25.4,25.8,23.8,20.9,17.9,22.5,22.7,26.8,28.4,26.5,17.1,26.7,23.8,25.0,27.6,16.9,26.6,26.5,27.7,25.6,-2.1,13.4,27.1,27.1
2025-09-15 00:10:40,27.0,23.5,25.2,26.9,26.4,29.1,25.3,25.1,29.3,17.4,25.0,21.6,25.4,25.8,23.8,20.9,17.9,22.5,22.7,26.8,28.4,26.5,17.1,26.7,23.8,25.0,27.6,16.9,26.6,26.5,27.7,25.6,-2.1,13.4,27.1,27.1
2025-09-15 00:20:40,26.9,23.5,25.2,26.8,26.2,29.0,25.2,25.0,29.2,17.3,25.0,21.5,25.3,25.6,23.8,20.8,17.9,22.5,22.6,26.8,28.2,26.4,17.3,26.6,23.8,25.0,27.6,16.9,26.6,26.5,27.6,25.6,-2.2,13.3,27.1,27.1
2025-09-15 00:30:42,26.9,23.5,25.2,26.7,26.1,29.0,25.2,24.9,29.2,17.2,25.0,21.5,25.2,25.6,23.8,20.8,17.9,22.5,22.6,26.8,28.2,26.3,17.5,26.6,23.8,25.0,27.5,16.9,26.6,26.5,27.5,25.6,-2.2,13.2,27.0,27.0
2025-09-15 00:40:40,26.9,23.5,25.2,26.7,26.1,29.0,25.2,24.9,29.2,17.2,25.0,21.5,25.2,25.6,23.8,20.8,17.9,22.5,22.6,26.8,28.2,26.3,17.5,26.6,23.8,25.0,27.5,16.9,26.6,26.5,27.5,25.6,-2.2,13.2,27.0,27.0
2025-09-15 00:50:39,26.9,23.4,25.2,26.6,26.0,28.9,25.2,24.8,29.1,17.2,25.0,21.5,25.2,25.5,23.7,20.8,17.8,22.5,22.6,26.7,28.1,26.2,17.4,26.5,23.8,25.0,27.4,16.9,26.6,26.4,27.5,25.6,-2.3,13.0,27.0,27.0
2025-09-15 01:00:38,26.8,23.3,25.1,26.6,25.9,28.9,25.2,24.7,29.0,17.1,24.9,21.4,25.1,25.4,23.7,20.8,17.8,22.5,22.5,26.6,28.0,26.1,17.1,26.5,23.8,25.0,27.3,16.8,26.5,26.4,27.5,25.6,-2.3,12.8,27.0,26.9
2025-09-15 01:10:39,26.8,23.3,25.1,26.6,25.9,28.9,25.2,24.7,29.0,17.1,24.9,21.4,25.1,25.4,23.7,20.8,17.8,22.5,22.5,26.6,28.0,26.1,17.1,26.5,23.8,25.0,27.3,16.8,26.5,26.4,27.5,25.6,-2.3,12.8,27.0,26.9
2025-09-15 01:20:55,26.8,23.2,25.1,26.5,25.8,28.8,25.2,24.6,,17.1,24.9,21.4,25.1,25.3,23.6,20.8,17.7,22.4,22.5,26.6,28.0,26.0,16.9,26.4,23.8,25.0,27.2,16.8,26.5,26.4,27.5,25.6,-2.3,12.6,27.0,26.8
2025-09-15 01:30:54,26.8,23.1,25.1,26.5,25.6,28.8,25.2,24.5,28.7,17.1,24.9,21.4,25.0,25.2,23.6,20.8,17.7,,22.5,26.6,27.9,26.0,16.7,26.4,23.9,25.0,27.1,16.8,26.5,26.4,27.5,25.6,-2.4,12.4,27.0,26.8
2025-09-15 01:40:40,26.8,23.1,25.1,26.5,25.6,28.8,25.2,24.5,28.7,17.1,24.9,21.4,25.0,25.2,23.6,20.8,17.7,22.4,22.5,26.6,27.9,26.0,16.7,26.4,23.9,25.0,27.1,16.8,26.5,26.4,27.5,25.6,-2.4,12.4,27.0,26.8
2025-09-15 01:50:41,26.8,23.1,25.1,26.5,25.5,28.6,25.2,24.5,28.5,17.0,24.8,21.3,25.0,25.1,23.6,20.8,17.6,22.4,22.5,26.5,27.9,25.9,16.6,26.3,23.8,25.0,27.0,16.6,26.5,26.3,27.4,25.6,-2.4,12.2,27.0,26.7
2025-09-15 02:00:39,26.7,23.0,25.0,26.5,25.5,28.5,25.2,24.4,28.3,17.0,24.8,21.3,25.0,25.0,23.5,20.8,17.6,22.3,22.5,26.5,27.8,25.9,16.5,26.1,23.8,25.0,27.0,16.6,26.5,26.3,27.2,25.5,-2.5,11.9,26.9,26.6
2025-09-15 02:10:56,26.7,23.0,25.0,,25.5,28.5,25.2,24.4,28.3,17.0,24.8,21.3,25.0,25.0,23.5,20.8,17.6,22.3,22.5,26.5,27.8,25.9,16.5,26.1,23.8,25.0,27.0,16.6,26.5,26.3,27.2,25.5,-2.5,11.9,26.9,26.6
2025-09-15 02:20:42,26.6,23.0,25.0,26.4,25.4,28.4,25.1,24.4,28.1,17.0,24.8,21.2,25.0,25.0,23.5,20.8,17.6,22.3,22.4,26.5,27.7,25.8,16.5,26.0,23.8,25.0,26.9,16.5,26.5,26.3,27.1,25.5,-2.5,11.8,26.9,26.5
2025-09-15 02:30:40,26.6,23.0,25.0,26.4,25.3,28.4,25.1,24.3,28.0,17.0,24.8,21.2,24.9,24.9,23.5,20.8,17.6,22.2,22.4,26.5,27.6,25.7,16.5,26.0,23.8,25.0,26.8,16.5,26.4,26.3,27.0,25.5,-2.5,11.6,26.9,26.5
2025-09-15 02:40:41,26.6,23.0,25.0,26.4,25.3,28.4,25.1,24.3,28.0,17.0,24.8,21.2,24.9,24.9,23.5,20.8,17.6,22.2,22.4,26.5,27.6,25.7,16.5,26.0,23.8,25.0,26.8,16.5,26.4,26.3,27.0,25.5,-2.5,11.6,26.9,26.5
2025-09-15 02:50:40,26.5,22.9,25.0,26.4,25.2,28.2,25.1,24.3,27.9,16.9,24.8,21.2,24.9,24.8,23.5,20.8,17.5,22.2,22.4,26.4,27.6,25.6,16.5,25.9,23.8,25.0,26.8,16.5,26.4,26.2,27.0,25.5,-2.7,11.4,26.9,26.4
2025-09-15 03:00:42,26.5,22.9,25.0,26.3,25.2,28.1,25.1,24.2,27.9,16.9,24.7,21.2,24.9,24.8,23.5,20.8,17.5,22.3,22.4,26.4,27.6,25.5,16.5,25.8,23.6,25.0,26.7,16.4,26.4,26.2,26.9,25.4,-3.0,11.3,26.9,26.2
2025-09-15 03:10:54,26.5,22.9,25.0,26.3,25.2,28.1,25.1,24.2,27.9,,24.7,21.2,24.9,24.8,23.5,20.8,17.5,22.3,22.4,26.4,27.6,25.5,16.5,25.8,23.6,25.0,26.7,16.4,26.4,26.2,26.9,25.4,-3.0,11.3,26.9,26.2
2025-09-15 03:20:40,26.4,22.8,24.9,26.3,25.1,28.0,25.2,24.2,27.9,16.8,24.7,21.1,24.8,24.6,23.5,20.9,17.5,22.3,22.4,26.4,27.5,25.4,16.5,25.6,23.6,24.9,26.6,16.4,26.3,26.2,26.9,25.4,-3.2,11.1,26.8,26.1
2025-09-15 03:30:40,26.4,22.7,24.9,26.2,25.1,28.0,25.2,24.1,27.9,16.8,24.7,21.1,24.8,24.6,23.5,20.9,17.5,22.3,22.4,26.3,27.5,25.4,16.5,25.6,23.5,24.9,26.6,16.4,26.2,26.2,26.8,25.3,-3.5,11.1,26.8,26.0
2025-09-15 03:40:40,26.4,22.7,24.9,26.2,25.1,28.0,25.2,24.1,27.9,16.8,24.7,21.1,24.8,24.6,23.5,20.9,17.5,22.3,22.4,26.3,27.5,25.4,16.5,25.6,23.5,24.9,26.6,16.4,26.2,26.2,26.8,25.3,-3.5,11.1,26.8,26.0
2025-09-15 03:50:39,26.4,22.6,24.9,26.2,25.0,27.9,25.2,24.1,27.8,16.8,24.7,21.1,24.8,24.5,23.5,20.9,17.5,22.3,22.4,26.2,27.5,25.2,16.4,25.5,23.5,24.9,26.5,16.3,26.2,26.2,26.8,25.3,-3.5,10.9,26.8,26.0
2025-09-15 04:00:39,26.3,22.5,24.9,26.1,25.0,27.8,25.2,24.1,27.8,16.7,24.7,21.1,24.6,24.5,23.4,20.9,17.5,22.3,22.3,26.2,27.4,25.1,16.3,25.4,23.5,24.9,26.5,16.2,26.2,26.2,26.7,25.3,-3.7,10.8,26.8,25.9
2025-09-15 04:10:45,26.3,22.5,24.9,26.1,25.0,27.8,25.2,24.1,27.8,16.7,24.7,21.1,24.6,24.5,23.4,20.9,17.5,22.3,22.3,26.2,27.4,25.1,16.3,25.4,23.5,24.9,26.5,16.2,26.2,26.2,26.7,25.3,-3.7,10.8,26.8,25.9
2025-09-15 04:20:40,26.4,22.5,24.8,25.9,25.5,27.9,25.1,24.2,27.8,16.9,24.5,21.2,24.9,24.6,23.5,21.0,17.3,22.0,22.4,26.2,27.5,25.4,16.8,25.0,23.5,25.0,26.8,16.1,26.1,25.9,26.9,25.5,-3.0,10.6,26.8,25.9
2025-09-15 04:30:39,26.4,22.5,24.8,25.9,25.5,27.9,25.1,24.2,27.8,16.8,24.5,21.2,24.8,24.6,23.5,21.0,17.3,22.0,22.4,26.2,27.5,25.2,16.8,25.0,23.5,25.0,26.7,16.1,26.1,25.9,26.9,25.5,-2.8,10.5,26.8,25.8
2025-09-15 04:40:38,26.4,22.5,24.8,25.9,25.5,27.9,25.1,24.2,27.8,16.8,24.5,21.2,24.8,24.6,23.5,21.0,17.3,22.0,22.4,26.2,27.5,25.2,16.8,25.0,23.5,25.0,26.7,16.1,26.1,25.9,26.9,25.5,-2.8,10.5,26.8,25.8
2025-09-15 04:50:39,26.3,22.5,24.8,25.8,25.4,27.8,25.1,24.2,27.7,16.8,24.5,21.2,24.8,24.6,23.5,21.0,17.2,22.1,22.4,26.2,27.4,25.1,16.8,24.9,23.5,25.0,26.7,16.0,26.1,25.9,26.8,25.5,-2.9,10.4,26.8,25.7
2025-09-15 05:00:45,26.2,22.5,24.8,25.7,25.3,27.7,25.1,24.2,27.6,16.7,24.5,21.1,24.8,24.6,23.5,21.0,17.2,22.1,22.3,26.2,27.3,25.0,16.8,24.8,23.5,25.0,26.6,16.0,26.1,25.9,26.6,25.5,-3.1,10.2,26.8,25.6
2025-09-15 05:10:55,26.2,22.5,24.8,25.7,25.3,27.7,25.1,24.2,27.6,16.7,24.5,21.1,24.8,24.6,23.5,21.0,17.2,22.1,22.3,26.2,27.3,25.0,16.8,24.8,23.5,25.0,26.6,16.0,26.1,,26.6,25.5,-3.1,10.2,26.8,25.6
2025-09-15 05:20:56,26.2,22.5,24.9,25.6,25.2,27.6,25.1,24.2,27.5,16.6,24.5,21.1,24.8,24.6,23.5,20.9,17.2,22.1,22.3,26.2,27.1,25.0,16.8,24.8,23.5,25.0,26.6,15.9,26.0,,26.5,25.5,-3.3,10.1,26.8,25.5
2025-09-15 05:30:55,26.1,22.4,24.9,25.6,25.1,27.6,25.1,24.1,27.5,16.6,24.5,21.1,24.8,24.6,23.5,20.9,17.2,22.1,22.2,26.2,27.0,24.9,16.9,24.7,23.5,25.0,26.6,15.9,26.0,25.9,,25.5,-3.5,9.9,26.8,25.5
2025-09-15 05:40:40,26.1,22.4,24.9,25.6,25.1,27.6,25.1,24.1,27.5,16.6,24.5,21.1,24.8,24.6,23.5,20.9,17.2,22.1,22.2,26.2,27.0,24.9,16.9,24.7,23.5,25.0,26.6,15.9,26.0,25.9,26.5,25.5,-3.5,9.9,26.8,25.5
2025-09-15 05:50:40,26.1,22.5,25.0,25.5,25.1,27.5,25.1,24.1,27.5,16.6,24.5,21.1,24.8,24.6,23.5,20.9,17.3,22.2,22.2,26.2,27.0,24.9,16.9,24.6,23.5,25.0,26.6,15.9,26.1,25.9,26.4,25.5,-3.5,9.9,26.9,25.4
2025-09-15 06:01:09,26.1,22.8,25.0,25.5,25.0,27.5,25.1,24.1,27.4,16.6,24.5,21.0,24.7,24.5,23.5,20.9,17.5,22.4,22.1,26.4,26.9,24.8,17.0,24.5,23.5,25.1,26.5,15.9,26.1,,26.4,25.4,,9.8,26.9,25.4
2025-09-15 06:10:43,26.1,22.8,25.0,25.5,25.0,27.5,25.1,24.1,27.4,16.6,24.5,21.0,24.7,24.5,23.5,20.9,17.5,22.4,22.1,26.4,26.9,24.8,17.0,24.5,23.5,25.1,26.5,15.9,26.1,26.0,26.4,25.4,-3.4,9.8,26.9,25.4
2025-09-15 06:20:40,26.0,23.0,25.1,25.5,25.0,27.5,25.1,24.1,27.4,16.6,24.5,21.0,24.6,24.5,23.5,21.0,17.6,22.5,22.0,26.4,26.9,24.7,17.1,24.5,23.5,25.2,26.5,16.0,26.1,26.0,26.2,25.4,-3.3,9.6,27.0,25.4
2025-09-15 06:30:38,26.0,23.1,25.2,25.5,25.0,27.5,25.1,24.0,27.3,16.6,24.6,21.0,24.6,24.5,23.5,21.0,17.8,22.5,22.0,26.5,26.8,24.6,17.2,24.5,23.5,25.3,26.5,16.0,26.1,26.1,26.2,25.4,-3.3,9.6,27.0,25.3
2025-09-15 06:40:42,26.0,23.1,25.2,25.5,25.0,27.5,25.1,24.0,27.3,16.6,24.6,21.0,24.6,24.5,23.5,21.0,17.8,22.5,22.0,26.5,26.8,24.6,17.2,24.5,23.5,25.3,26.5,16.0,26.1,26.1,26.2,25.4,-3.3,9.6,27.0,25.3
2025-09-15 06:50:54,26.1,23.5,25.4,25.5,25.0,27.5,25.2,24.1,27.5,16.9,24.8,21.1,24.8,24.5,23.6,21.0,18.0,22.7,22.0,26.6,26.9,24.8,17.2,24.8,23.6,25.4,26.5,16.4,26.2,26.2,26.4,25.4,-3.3,9.7,,25.5
2025-09-15 07:01:12,26.4,23.9,25.5,25.5,25.1,27.7,25.4,24.1,27.7,17.4,24.9,21.2,25.0,24.5,23.8,,18.2,22.9,22.0,26.9,,25.0,17.1,25.1,23.9,25.5,26.6,17.0,26.4,26.4,26.6,25.5,-3.4,9.9,27.0,25.9
2025-09-15 07:10:42,26.4,23.9,25.5,25.5,25.1,27.7,25.4,24.1,27.7,17.4,24.9,21.2,25.0,24.5,23.8,21.0,18.2,22.9,22.0,26.9,27.0,25.0,17.1,25.1,23.9,25.5,26.6,17.0,26.4,26.4,26.6,25.5,-3.4,9.9,27.0,25.9
2025-09-15 07:20:43,26.6,24.3,25.6,25.5,25.2,27.9,25.5,24.2,28.0,17.9,25.1,21.4,25.1,24.5,23.9,21.1,18.5,23.0,22.1,27.0,27.1,25.2,17.1,25.5,24.0,25.6,26.7,17.5,26.5,26.5,27.0,25.5,-3.5,10.1,27.1,26.3
2025-09-15 07:30:43,26.8,24.5,25.7,25.5,25.2,28.0,25.5,24.2,28.1,18.1,25.2,21.5,25.3,24.5,24.0,21.2,18.7,23.1,22.1,27.2,27.2,25.4,17.1,25.8,24.1,25.8,26.8,17.9,26.6,26.6,27.1,25.6,-3.5,10.3,27.1,26.5
2025-09-15 07:40:43,26.8,24.5,25.7,25.5,25.2,28.0,25.5,24.2,28.1,18.1,25.2,21.5,25.3,24.5,24.0,21.2,18.7,23.1,22.1,27.2,27.2,25.4,17.1,25.8,24.1,25.8,26.8,17.9,26.6,26.6,27.1,25.6,-3.5,10.3,27.1,26.5
2025-09-15 07:50:58,27.0,25.0,25.9,25.6,25.5,28.3,25.6,24.5,,18.6,25.4,21.8,25.5,24.5,24.0,21.2,18.9,23.3,22.2,27.4,27.5,25.8,17.0,26.3,24.4,25.9,26.9,18.4,26.8,26.8,27.5,25.8,-3.4,10.9,27.1,27.0
2025-09-15 08:00:42,27.4,25.5,26.1,25.6,25.6,28.6,25.8,24.8,29.0,19.2,25.6,22.0,25.9,24.6,24.1,21.3,19.1,23.5,22.4,27.5,28.0,26.2,16.9,26.9,24.6,25.9,27.0,18.9,27.0,27.0,28.0,25.9,-3.2,11.6,27.2,27.4
2025-09-15 08:10:43,27.4,25.5,26.1,25.6,25.6,28.6,25.8,24.8,29.0,19.2,25.6,22.0,25.9,24.6,24.1,21.3,19.1,23.5,22.4,27.5,28.0,26.2,16.9,26.9,24.6,25.9,27.0,18.9,27.0,27.0,28.0,25.9,-3.2,11.6,27.2,27.4
2025-09-15 08:20:43,27.6,25.9,26.4,25.6,25.9,29.0,26.0,25.0,29.5,19.8,25.8,22.4,26.1,24.8,24.2,21.4,19.4,23.6,22.5,27.6,28.4,26.7,16.8,27.5,24.9,26.0,27.1,19.4,27.2,27.1,28.4,26.0,-3.0,12.4,27.2,27.8
2025-09-15 08:30:42,27.9,26.1,26.5,25.7,26.0,29.3,26.0,25.1,29.8,20.1,25.9,22.6,26.3,24.9,24.3,21.4,19.5,23.6,22.5,27.7,28.6,27.0,16.7,27.9,25.1,26.0,27.2,19.7,27.4,27.3,28.7,26.1,-2.8,12.9,27.3,28.1
2025-09-15 08:40:42,27.9,26.1,26.5,25.7,26.0,29.3,26.0,25.1,29.8,20.1,25.9,22.6,26.3,24.9,24.3,21.4,19.5,23.6,22.5,27.7,28.6,27.0,16.7,27.9,25.1,26.0,27.2,19.7,27.4,27.3,28.7,26.1,-2.8,12.9,27.3,28.1
2025-09-15 08:50:43,28.1,26.3,26.6,25.8,26.3,29.7,26.1,25.5,30.2,20.4,26.0,23.0,26.5,25.0,24.4,21.5,19.6,23.8,22.6,27.9,29.0,27.5,16.8,28.4,25.5,26.1,27.4,20.0,27.6,27.5,29.0,26.3,-2.7,13.6,27.4,28.5
2025-09-15 09:00:41,28.5,26.4,26.8,25.8,26.6,30.1,26.2,25.9,30.8,20.7,26.1,23.3,26.9,25.1,24.5,21.5,19.7,24.0,22.5,28.2,29.5,28.0,17.0,28.9,25.9,26.3,27.4,20.3,27.8,27.7,29.1,26.5,-2.5,14.2,27.4,28.8
2025-09-15 09:10:42,28.5,26.4,26.8,25.8,26.6,30.1,26.2,25.9,30.8,20.7,26.1,23.3,26.9,25.1,24.5,21.5,19.7,24.0,22.5,28.2,29.5,28.0,17.0,28.9,25.9,26.3,27.4,20.3,27.8,27.7,29.1,26.5,-2.5,14.2,27.4,28.8
2025-09-15 09:20:41,28.8,26.4,26.8,25.9,26.9,30.5,26.3,26.2,31.2,20.9,26.2,23.6,27.1,25.2,24.5,21.5,19.8,24.0,22.5,28.5,29.9,28.4,17.2,29.3,26.2,26.5,27.4,20.5,28.0,27.9,29.2,26.6,-2.5,14.9,27.5,29.0
2025-09-15 09:30:40,29.0,26.4,26.9,25.9,27.1,30.9,26.4,26.5,31.5,21.0,26.3,23.8,27.2,25.3,24.5,21.5,19.9,24.1,22.5,28.6,30.1,28.7,17.4,29.6,26.5,26.6,27.4,20.8,28.1,28.0,29.4,26.7,-2.4,15.4,27.5,29.1
2025-09-15 09:40:40,29.0,26.4,26.9,25.9,27.1,30.9,26.4,26.5,31.5,21.0,26.3,23.8,27.2,25.3,24.5,21.5,19.9,24.1,22.5,28.6,30.1,28.7,17.4,29.6,26.5,26.6,27.4,20.8,28.1,28.0,29.4,26.7,-2.4,15.4,27.5,29.1
2025-09-15 09:50:38,29.4,26.6,27.0,26.0,27.2,31.1,26.5,26.8,32.0,21.2,26.4,24.1,27.5,25.4,24.6,21.5,19.9,24.1,22.5,28.8,30.5,29.1,17.5,30.1,26.8,26.7,27.5,21.0,28.3,28.1,29.6,26.9,-2.2,15.9,27.5,29.5
2025-09-15 10:00:40,29.8,26.9,27.1,26.1,27.3,31.5,26.7,27.2,32.5,21.4,26.5,24.4,27.8,25.5,24.8,21.6,19.8,24.0,22.5,29.0,31.0,29.5,17.5,30.6,27.1,26.7,27.6,21.2,28.5,28.2,30.0,27.0,-2.2,16.5,27.5,29.9
2025-09-15 10:10:43,29.8,26.9,27.1,26.1,27.3,31.5,26.7,27.2,32.5,21.4,26.5,24.4,27.8,25.5,24.8,21.6,19.8,24.0,22.5,29.0,31.0,29.5,17.5,30.6,27.1,26.7,27.6,21.2,28.5,28.2,30.0,27.0,-2.2,16.5,27.5,29.9
2025-09-15 10:20:39,30.2,27.2,27.2,26.2,27.4,31.6,26.9,27.5,32.9,21.5,26.6,24.6,28.0,25.6,25.6,22.2,20.1,24.0,22.8,29.5,31.2,29.9,17.6,31.2,27.6,27.0,28.9,21.1,29.0,28.3,30.0,27.6,-1.9,17.2,27.5,32.0
2025-09-15 10:30:57,30.4,26.2,27.8,28.5,27.1,32.0,26.9,28.0,33.0,21.0,27.6,25.0,28.4,25.6,25.7,22.2,20.0,23.9,22.8,29.7,31.5,30.1,17.7,31.5,27.8,27.1,29.0,21.4,29.1,28.4,30.1,,-1.8,17.5,27.5,32.2
2025-09-15 10:40:40,30.4,26.2,27.8,28.5,27.1,32.0,26.9,28.0,33.0,21.0,27.6,25.0,28.4,25.6,25.7,22.2,20.0,23.9,22.8,29.7,31.5,30.1,17.7,31.5,27.8,27.1,29.0,21.4,29.1,28.4,30.1,27.7,-1.8,17.5,27.5,32.2
2025-09-15 10:50:39,30.8,26.5,27.9,28.8,27.4,32.2,27.0,28.4,33.3,21.0,27.8,25.4,28.6,25.7,25.7,22.2,19.9,23.9,22.9,30.0,31.9,30.5,17.7,31.9,28.0,27.1,29.0,21.6,29.1,28.3,30.5,27.8,-1.6,18.0,27.5,32.6
2025-09-15 11:00:40,31.1,26.9,28.0,29.0,27.5,32.5,27.0,28.6,33.8,20.9,27.9,25.7,28.9,25.8,25.6,22.2,19.8,23.8,22.9,30.1,32.2,30.8,17.8,32.2,28.2,27.2,29.1,21.9,29.0,28.2,30.9,27.8,-1.5,18.6,27.5,33.0
2025-09-15 11:10:38,31.1,26.9,28.0,29.0,27.5,32.5,27.0,28.6,33.8,20.9,27.9,25.7,28.9,25.8,25.6,22.2,19.8,23.8,22.9,30.1,32.2,30.8,17.8,32.2,28.2,27.2,29.1,21.9,29.0,28.2,30.9,27.8,-1.5,18.6,27.5,33.0
2025-09-15 11:20:38,31.5,27.2,28.1,29.1,27.7,32.6,27.0,28.9,34.0,20.8,28.0,26.0,29.0,25.9,25.6,22.2,19.8,23.8,23.0,30.4,32.5,31.0,17.8,32.5,28.5,27.2,29.2,22.0,28.9,28.2,31.2,27.8,-1.3,19.1,27.5,33.4
2025-09-15 11:30:42,31.7,27.5,28.1,29.3,27.8,32.8,27.0,29.0,34.3,20.8,28.1,26.1,29.2,26.0,25.5,22.2,19.9,23.7,23.0,30.5,32.6,31.2,17.8,32.8,28.6,27.3,29.2,22.1,28.9,28.1,31.5,27.7,-1.2,19.5,27.5,33.7
2025-09-15 11:40:40,31.7,27.5,28.1,29.3,27.8,32.8,27.0,29.0,34.3,20.8,28.1,26.1,29.2,26.0,25.5,22.2,19.9,23.7,23.0,30.5,32.6,31.2,17.8,32.8,28.6,27.3,29.2,22.1,28.9,28.1,31.5,27.7,-1.2,19.5,27.5,33.7
2025-09-15 11:50:39,32.0,27.8,28.2,29.5,28.0,32.9,27.1,29.3,34.5,20.8,28.2,26.5,29.5,26.0,25.5,22.1,19.8,23.6,23.1,30.6,32.9,31.5,17.7,33.1,28.9,27.2,29.3,22.3,28.9,28.1,31.7,27.9,-0.9,19.9,27.5,34.0
2025-09-15 12:00:39,32.3,27.9,28.2,29.5,28.1,33.0,27.2,29.5,34.8,20.9,28.2,26.8,29.7,26.0,25.5,22.0,19.7,23.6,23.3,30.6,33.2,31.9,17.6,33.5,29.2,27.2,29.3,22.5,29.0,28.1,31.9,28.0,-0.7,20.2,27.5,34.2
2025-09-15 12:10:41,32.3,27.9,28.2,29.5,28.1,33.0,27.2,29.5,34.8,20.9,28.2,26.8,29.7,26.0,25.5,22.0,19.7,23.6,23.3,30.6,33.2,31.9,17.6,33.5,29.2,27.2,29.3,22.5,29.0,28.1,31.9,28.0,-0.7,20.2,27.5,34.2
2025-09-15 12:20:38,32.5,28.0,28.3,29.6,28.3,33.2,27.2,29.8,35.0,21.0,28.3,27.0,29.9,25.9,25.4,21.9,19.6,23.6,23.5,30.6,33.5,32.1,17.5,33.8,29.5,27.1,29.2,22.6,29.1,28.1,32.0,28.3,-0.5,20.5,27.6,34.5
2025-09-15 12:30:40,32.7,28.1,28.3,29.8,28.4,33.2,27.4,29.9,35.2,21.0,28.3,27.2,30.0,25.9,25.4,21.8,19.6,23.5,23.5,30.6,33.7,32.2,17.5,34.0,29.7,27.0,29.2,22.8,29.1,28.2,32.1,28.4,-0.3,20.7,27.6,34.7
2025-09-15 12:40:37,32.7,28.1,28.3,29.8,28.4,33.2,27.4,29.9,35.2,21.0,28.3,27.2,30.0,25.9,25.4,21.8,19.6,23.5,23.5,30.6,33.7,32.2,17.5,34.0,29.7,27.0,29.2,22.8,29.1,28.2,32.1,28.4,-0.3,20.7,27.6,34.7
2025-09-15 12:50:37,33.0,28.1,28.4,29.8,28.5,33.3,27.4,30.1,35.2,21.0,28.4,27.2,30.2,25.9,25.3,21.7,19.6,23.6,23.6,30.5,33.8,32.5,17.4,34.2,29.8,27.0,29.2,22.6,29.2,28.1,32.2,28.4,-0.2,21.0,27.6,34.8
2025-09-15 13:00:39,33.2,28.0,28.4,29.8,28.6,33.5,27.3,30.4,35.3,21.1,28.4,27.0,30.3,25.9,25.2,21.6,19.6,23.7,23.8,30.5,34.0,32.7,17.5,34.4,29.8,27.0,29.1,22.5,29.4,28.1,32.2,28.3,-0.2,21.2,27.6,34.8
2025-09-15 13:10:39,33.2,28.0,28.4,29.8,28.6,33.5,27.3,30.4,35.3,21.1,28.4,27.0,30.3,25.9,25.2,21.6,19.6,23.7,23.8,30.5,34.0,32.7,17.5,34.4,29.8,27.0,29.1,22.5,29.4,28.1,32.2,28.3,-0.2,21.2,27.6,34.8
2025-09-15 13:20:39,33.3,27.8,28.4,29.7,28.7,33.7,27.2,30.6,35.4,21.1,28.4,26.8,30.4,26.0,25.2,21.6,19.6,23.8,23.9,30.4,34.2,32.8,17.5,34.5,29.9,27.0,29.0,22.2,29.5,28.0,32.2,28.1,-0.2,21.5,27.6,34.8
2025-09-15 13:30:41,33.4,27.6,28.4,29.7,28.8,33.8,27.2,30.8,35.5,21.2,28.4,26.6,30.5,26.0,25.1,21.6,19.6,23.8,23.9,30.3,34.2,32.9,17.5,34.6,29.9,27.0,29.0,22.1,29.5,28.0,32.2,28.0,-0.2,21.7,27.6,34.8
2025-09-15 13:40:38,33.4,27.6,28.4,29.7,28.8,33.8,27.2,30.8,35.5,21.2,28.4,26.6,30.5,26.0,25.1,21.6,19.6,23.8,23.9,30.3,34.2,32.9,17.5,34.6,29.9,27.0,29.0,22.1,29.5,28.0,32.2,28.0,-0.2,21.7,27.6,34.8
2025-09-15 13:50:40,33.5,27.4,28.3,29.6,28.9,33.8,27.2,30.9,35.5,21.2,28.5,26.6,30.5,26.0,25.2,21.6,19.6,23.9,23.9,30.1,34.3,33.0,17.5,34.7,29.8,27.0,29.0,21.8,29.4,27.9,32.3,28.0,-0.1,21.9,27.6,34.8
2025-09-15 14:00:39,33.5,27.0,28.1,29.5,28.9,34.0,27.1,30.9,35.7,21.4,28.5,26.6,30.6,26.2,25.3,21.6,19.6,23.9,23.8,30.0,34.4,33.1,17.4,34.8,29.7,27.0,29.0,21.4,29.1,27.9,32.5,27.9,0.0,22.0,27.5,35.0
2025-09-15 14:10:39,33.5,27.0,28.1,29.5,28.9,34.0,27.1,30.9,35.7,21.4,28.5,26.6,30.6,26.2,25.3,21.6,19.6,23.9,23.8,30.0,34.4,33.1,17.4,34.8,29.7,27.0,29.0,21.4,29.1,27.9,32.5,27.9,0.0,22.0,27.5,35.0
2025-09-15 14:20:39,33.5,26.8,28.0,29.4,29.0,34.0,27.1,30.9,35.8,21.4,28.6,26.5,30.6,26.4,25.4,21.6,19.5,23.8,23.6,29.8,34.5,33.2,17.2,34.8,29.6,27.0,29.0,21.0,28.9,27.8,32.6,27.8,0.1,22.1,27.5,35.0
2025-09-15 14:30:39,33.5,26.5,27.9,29.3,29.0,34.1,27.1,30.8,35.8,21.5,28.6,26.5,30.6,26.5,25.5,21.6,19.5,23.8,23.6,29.6,34.5,33.2,17.2,34.9,29.6,27.0,29.0,20.8,28.7,27.8,32.7,27.8,0.1,22.2,27.5,35.0
2025-09-15 14:40:36,33.5,26.5,27.9,29.3,29.0,34.1,27.1,30.8,35.8,21.5,28.6,26.5,30.6,26.5,25.5,21.6,19.5,23.8,23.6,29.6,34.5,33.2,17.2,34.9,29.6,27.0,29.0,20.8,28.7,27.8,32.7,27.8,0.1,22.2,27.5,35.0
2025-09-15 14:50:38,33.5,26.4,27.7,29.2,29.0,34.2,27.0,30.8,35.9,21.4,28.5,26.5,30.6,26.5,25.5,21.5,19.5,23.8,23.5,29.5,34.5,33.2,17.1,34.9,29.5,26.9,29.0,20.6,28.5,27.6,32.8,27.8,0.2,22.1,27.5,35.0
2025-09-15 15:00:39,33.5,26.2,27.5,29.0,29.0,34.2,26.9,30.8,35.8,21.2,28.1,26.4,30.6,26.5,25.5,21.5,19.4,23.8,23.5,29.4,34.5,33.2,17.1,35.0,29.4,26.6,29.1,20.5,28.5,27.5,32.9,27.8,0.2,22.1,27.5,34.8
2025-09-15 15:10:40,33.5,26.2,27.5,29.0,29.0,34.2,26.9,30.8,35.8,21.2,28.1,26.4,30.6,26.5,25.5,21.5,19.4,23.8,23.5,29.4,34.5,33.2,17.1,35.0,29.4,26.6,29.1,20.5,28.5,27.5,32.9,27.8,0.2,22.1,27.5,34.8
2025-09-15 15:20:39,33.6,26.1,27.3,29.0,28.9,34.3,26.8,30.8,35.8,21.0,27.8,26.3,30.5,26.4,25.5,21.5,19.4,23.7,23.4,29.2,34.5,33.2,17.0,35.0,29.2,26.5,29.2,20.5,28.4,27.4,33.0,27.8,0.2,22.0,27.6,34.7
2025-09-15 15:30:46,33.6,26.2,27.5,28.9,28.1,34.7,26.5,31.1,35.8,20.8,27.2,25.7,30.5,28.0,25.7,23.2,20.0,24.9,24.0,28.9,35.1,33.3,17.0,35.0,28.4,28.5,29.6,20.6,28.1,27.5,33.5,27.6,0.5,22.0,27.6,35.1
2025-09-15 15:40:37,33.2,26.2,27.5,28.9,28.1,34.7,26.5,31.1,35.8,20.8,27.2,25.7,30.5,28.0,25.7,23.2,20.0,24.9,24.0,28.9,35.1,33.3,17.0,35.0,28.4,28.5,29.6,20.6,28.1,27.5,33.5,27.6,0.5,22.0,27.6,35.1
2025-09-15 15:50:37,33.0,26.1,27.5,28.8,28.1,34.5,26.4,31.1,35.7,20.6,27.0,25.6,30.3,27.9,25.7,23.1,19.8,24.7,24.0,28.8,35.0,33.2,17.0,35.0,28.2,28.1,29.6,20.5,28.0,27.4,33.3,27.6,0.5,21.9,27.6,34.5
2025-09-15 16:00:36,33.0,26.0,27.4,28.7,28.1,34.5,26.3,31.0,35.5,20.5,26.7,25.6,30.0,27.8,25.7,23.0,19.6,24.5,24.0,28.7,34.9,33.1,17.0,34.9,28.1,27.6,29.5,20.4,27.9,27.2,33.2,27.5,0.4,21.7,27.6,33.7
2025-09-15 16:10:39,33.0,26.0,27.4,28.7,28.1,34.5,26.3,31.0,35.5,20.5,26.7,25.6,30.0,27.8,25.7,23.0,19.6,24.5,24.0,28.7,34.9,33.1,17.0,34.9,28.1,27.6,29.5,20.4,27.9,27.2,33.2,27.5,0.4,21.7,27.6,33.7
2025-09-15 16:20:38,32.9,25.8,27.3,28.6,28.1,34.3,26.2,30.9,35.5,20.4,26.5,25.5,29.8,27.6,25.8,22.8,19.4,24.4,24.0,28.6,34.8,33.0,17.0,34.8,28.1,27.3,29.5,20.3,27.8,27.1,33.2,27.5,0.3,21.5,27.6,32.8
2025-09-15 16:30:54,32.8,25.6,27.2,28.5,28.0,34.3,26.2,30.8,35.3,20.2,26.4,25.5,29.5,27.6,25.8,22.7,19.3,24.2,24.0,28.5,34.7,32.9,17.0,34.8,28.1,27.0,29.5,20.2,27.8,27.1,33.1,,0.2,21.5,27.6,32.3
2025-09-15 16:40:38,32.8,25.6,27.2,28.5,28.0,34.3,26.2,30.8,35.3,20.2,26.4,25.5,29.5,27.6,25.8,22.7,19.3,24.2,24.0,28.5,34.7,32.9,17.0,34.8,28.1,27.0,29.5,20.2,27.8,27.1,33.1,27.4,0.2,21.5,27.6,32.3
2025-09-15 16:50:36,32.7,25.5,27.1,28.4,28.0,34.2,26.1,30.6,35.0,20.1,26.2,25.3,29.3,27.5,25.8,22.5,19.1,24.0,23.9,28.4,34.5,32.7,16.9,34.5,27.9,26.8,29.3,20.1,27.6,27.0,32.8,27.4,0.2,21.1,27.6,31.8
2025-09-15 17:00:38,32.5,25.2,27.0,28.2,28.0,34.0,26.1,30.4,34.7,20.0,26.1,25.0,29.0,27.2,25.7,22.2,19.0,23.9,23.7,28.2,34.3,32.5,16.8,34.2,27.6,26.7,29.1,19.9,27.5,26.9,32.5,27.2,0.1,20.7,27.5,31.2
2025-09-15 17:10:39,32.5,25.2,27.0,28.2,28.0,34.0,26.1,30.4,34.7,20.0,26.1,25.0,29.0,27.2,25.7,22.2,19.0,23.9,23.7,28.2,34.3,32.5,16.8,34.2,27.6,26.7,29.1,19.9,27.5,26.9,32.5,27.2,0.1,20.7,27.5,31.2
2025-09-15 17:20:39,32.3,25.0,26.9,28.0,28.0,33.8,26.1,30.2,34.3,19.9,26.0,24.7,28.8,27.1,25.6,22.0,19.0,23.7,23.5,28.0,34.1,32.3,16.8,33.9,27.4,26.6,28.9,19.8,27.2,26.7,32.2,27.2,-0.1,20.3,27.5,30.8
2025-09-15 17:30:38,32.2,24.8,26.8,28.0,27.9,33.8,26.2,30.0,34.1,19.9,26.0,24.5,28.6,27.0,25.6,21.9,19.0,23.6,23.4,28.0,33.9,32.2,16.7,33.7,27.2,26.6,28.7,19.6,27.1,26.6,32.0,27.1,-0.2,20.0,27.5,30.4
2025-09-15 17:40:37,32.2,24.8,26.8,28.0,27.9,33.8,26.2,30.0,34.1,19.9,26.0,24.5,28.6,27.0,25.6,21.9,19.0,23.6,23.4,28.0,33.9,32.2,16.7,33.7,27.2,26.6,28.7,19.6,27.1,26.6,32.0,27.1,-0.2,20.0,27.5,30.4
2025-09-15 17:50:37,32.0,24.6,26.6,27.8,27.8,33.5,26.1,29.8,33.5,19.7,25.9,24.2,28.3,26.9,25.5,21.8,18.9,23.5,23.3,27.8,33.5,31.8,16.6,33.2,26.9,26.5,28.5,19.4,27.0,26.5,31.6,27.0,-0.3,19.7,27.5,30.0
2025-09-15 18:00:38,31.6,24.5,26.5,27.6,27.6,33.2,26.1,29.5,32.8,19.5,25.8,23.9,28.0,26.8,25.3,21.6,18.8,23.4,23.2,27.5,33.1,31.4,16.6,32.6,26.5,26.4,28.3,19.1,26.9,26.5,31.1,26.9,-0.5,19.4,27.5,29.6
2025-09-15 18:10:40,31.6,24.5,26.5,27.6,27.6,33.2,26.1,29.5,32.8,19.5,25.8,23.9,28.0,26.8,25.3,21.6,18.8,23.4,23.2,27.5,33.1,31.4,16.6,32.6,26.5,26.4,28.3,19.1,26.9,26.5,31.1,26.9,-0.5,19.4,27.5,29.6
2025-09-15 18:20:37,31.4,24.5,26.5,27.4,27.5,33.0,26.0,29.1,32.2,19.3,25.6,23.5,27.6,26.6,25.1,21.5,18.7,23.3,23.1,27.4,32.7,31.0,16.5,32.0,26.2,26.3,28.1,18.9,26.8,26.5,30.6,26.8,-0.7,19.0,27.5,29.2
2025-09-15 18:30:40,31.1,24.4,26.5,27.3,27.4,32.8,26.0,28.9,31.8,19.2,25.5,23.3,27.5,26.6,25.0,21.5,18.6,23.2,23.0,27.2,32.4,30.7,16.5,31.7,26.0,26.2,28.0,18.8,26.6,26.5,30.4,26.7,-0.9,18.8,27.5,29.0
2025-09-15 18:40:39,31.1,24.4,26.5,27.3,27.4,32.8,26.0,28.9,31.8,19.2,25.5,23.3,27.5,26.6,25.0,21.5,18.6,23.2,23.0,27.2,32.4,30.7,16.5,31.7,26.0,26.2,28.0,18.8,26.6,26.5,30.4,26.7,-0.9,18.8,27.5,29.0
2025-09-15 18:50:55,30.9,24.2,26.4,27.2,27.3,32.7,25.9,28.5,31.3,19.0,25.5,23.1,27.2,26.5,25.0,21.4,18.5,23.1,23.0,27.1,32.0,30.3,16.5,31.4,25.8,26.1,27.9,18.5,26.6,26.4,30.0,26.6,-1.0,,27.5,28.8
2025-09-15 19:00:37,30.5,24.1,26.4,27.1,27.1,32.5,25.8,28.1,30.9,18.8,25.5,23.0,27.0,26.4,24.8,21.3,18.5,23.1,22.9,27.0,31.8,29.8,16.5,31.0,25.5,26.0,27.8,18.3,26.5,26.4,29.8,26.5,-1.2,18.0,27.5,28.5
2025-09-15 19:10:38,30.5,24.1,26.4,27.1,27.1,32.5,25.8,28.1,30.9,18.8,25.5,23.0,27.0,26.4,24.8,21.3,18.5,23.1,22.9,27.0,31.8,29.8,16.5,31.0,25.5,26.0,27.8,18.3,26.5,26.4,29.8,26.5,-1.2,18.0,27.5,28.5
2025-09-15 19:20:37,30.3,24.1,26.3,27.1,27.0,32.3,25.8,27.8,30.5,18.6,25.4,22.8,26.7,26.4,24.7,21.2,18.5,23.1,22.9,26.9,31.5,29.4,16.4,30.8,25.4,26.0,27.7,18.1,26.5,26.3,29.5,26.4,-1.4,17.6,27.5,28.4
2025-09-15 19:30:40,30.1,24.0,26.2,27.0,27.0,32.3,25.7,27.5,30.2,18.5,25.4,22.7,26.5,26.3,24.6,21.2,18.5,23.0,22.8,26.9,31.2,29.1,16.4,30.6,25.2,26.0,27.6,18.0,26.5,26.3,29.4,26.2,-1.5,17.4,27.5,28.3
2025-09-15 19:40:38,30.1,24.0,26.2,27.0,27.0,32.3,25.7,27.5,30.2,18.5,25.4,22.7,26.5,26.3,24.6,21.2,18.5,23.0,22.8,26.9,31.2,29.1,16.4,30.6,25.2,26.0,27.6,18.0,26.5,26.3,29.4,26.2,-1.5,17.4,27.5,28.3
2025-09-15 19:50:37,29.9,24.0,26.1,27.0,26.9,32.0,25.6,27.2,30.0,18.4,25.4,22.6,26.4,26.2,24.5,21.2,18.5,23.0,22.8,26.9,31.0,28.8,16.3,30.2,25.0,25.9,27.5,17.9,26.5,26.2,29.1,26.2,-1.6,17.0,27.5,28.2
2025-09-15 20:00:39,29.5,23.9,26.0,27.0,26.8,31.6,25.6,27.0,29.8,18.2,25.3,22.5,26.2,26.2,24.5,21.2,18.4,23.0,22.7,26.9,30.7,28.5,16.2,29.7,24.9,25.9,27.4,17.8,26.5,26.2,29.0,26.1,-1.8,16.7,27.5,28.1
2025-09-15 20:10:39,29.5,23.9,26.0,27.0,26.8,31.6,25.6,27.0,29.8,18.2,25.3,22.5,26.2,26.2,24.5,21.2,18.4,23.0,22.7,26.9,30.7,28.5,16.2,29.7,24.9,25.9,27.4,17.8,26.5,26.2,29.0,26.1,-1.8,16.7,27.5,28.1
2025-09-15 20:20:38,29.3,23.8,26.0,26.9,26.8,31.2,25.6,26.8,29.5,18.2,25.2,22.4,26.1,26.1,24.4,21.1,18.4,22.9,22.6,26.9,30.5,28.2,16.1,29.2,24.8,25.8,27.3,17.6,26.4,26.2,28.9,26.0,-1.9,16.4,27.6,28.1
2025-09-15 20:30:41,29.1,23.7,25.9,26.9,26.7,31.0,25.6,26.6,29.4,18.1,25.2,22.4,26.0,26.1,24.2,21.1,18.4,22.9,22.6,26.9,30.3,28.0,16.1,29.0,24.6,25.8,27.2,17.6,26.4,26.2,28.8,26.0,-2.0,16.2,27.6,28.0
2025-09-15 20:40:37,29.1,23.7,25.9,26.9,26.7,31.0,25.6,26.6,29.4,18.1,25.2,22.4,26.0,26.1,24.2,21.1,18.4,22.9,22.6,26.9,30.3,28.0,16.1,29.0,24.6,25.8,27.2,17.6,26.4,26.2,28.8,26.0,-2.0,16.2,27.6,28.0
2025-09-15 20:50:38,28.9,23.6,25.9,26.9,26.6,30.8,25.5,26.5,29.2,18.0,25.1,22.3,25.9,26.0,24.1,21.1,18.4,22.8,22.5,26.9,30.1,27.8,16.0,28.6,24.5,25.7,27.1,17.5,26.4,26.2,28.6,26.0,-2.0,15.9,27.6,28.0
2025-09-15 21:00:40,28.6,23.5,25.9,26.8,26.5,30.5,25.5,26.2,29.0,17.9,25.0,22.2,25.8,26.0,24.1,21.1,18.3,22.8,22.5,26.9,30.0,27.6,15.9,28.4,24.5,25.6,27.0,17.3,26.3,26.2,28.5,26.0,-2.1,15.7,27.6,28.0
2025-09-15 21:10:38,28.6,23.5,25.9,26.8,26.5,30.5,25.5,26.2,29.0,17.9,25.0,22.2,25.8,26.0,24.1,21.1,18.3,22.8,22.5,26.9,30.0,27.6,15.9,28.4,24.5,25.6,27.0,17.3,26.3,26.2,28.5,26.0,-2.1,15.7,27.6,28.0
2025-09-15 21:20:38,28.4,23.5,25.8,26.8,26.5,30.2,25.5,26.0,28.9,17.8,25.0,22.2,25.8,25.9,24.0,21.2,18.2,22.8,22.5,26.8,29.9,27.4,15.9,28.2,24.5,25.5,27.0,17.2,26.3,26.2,28.4,26.0,-2.2,15.5,27.5,28.0
2025-09-15 21:30:39,28.1,23.4,25.8,26.8,26.4,30.1,25.5,25.9,28.8,17.8,24.9,22.2,25.7,25.8,24.0,21.2,18.2,22.7,22.5,26.8,29.8,27.2,15.9,28.0,24.5,25.5,27.0,17.1,26.2,26.2,28.2,25.9,-2.2,15.4,27.5,28.0
2025-09-15 21:40:40,28.1,23.4,25.8,26.8,26.4,30.1,25.5,25.9,28.8,17.8,24.9,22.2,25.7,25.8,24.0,21.2,18.2,22.7,22.5,26.8,29.8,27.2,15.9,28.0,24.5,25.5,27.0,17.1,26.2,26.2,28.2,25.9,-2.2,15.4,27.5,28.0
2025-09-15 21:50:41,29.2,23.5,25.5,26.7,26.0,30.4,25.5,26.0,28.7,18.0,24.8,22.2,26.0,26.3,24.2,21.2,18.4,22.8,22.6,26.3,29.6,27.5,16.6,27.3,25.0,25.6,27.3,17.4,26.6,26.1,28.0,26.0,-2.2,14.9,27.5,28.2
2025-09-15 22:00:38,29.0,23.4,25.5,26.6,26.0,30.1,25.5,25.8,28.6,17.9,24.7,22.1,26.0,26.1,24.2,21.3,18.3,22.8,22.6,26.3,29.5,27.2,16.5,27.1,24.9,25.6,27.2,17.4,26.5,26.2,27.9,25.9,-2.2,14.5,27.4,28.2
2025-09-15 22:10:39,29.0,23.4,25.5,26.6,26.0,30.1,25.5,25.8,28.6,17.9,24.7,22.1,26.0,26.1,24.2,21.3,18.3,22.8,22.6,26.3,29.5,27.2,16.5,27.1,24.9,25.6,27.2,17.4,26.5,26.2,27.9,25.9,-2.2,14.5,27.4,28.2
2025-09-15 22:20:38,28.7,23.4,25.5,26.6,25.9,30.0,25.5,25.6,28.5,17.7,24.6,22.1,25.9,26.0,24.1,21.3,18.2,22.8,22.5,26.2,29.5,27.1,16.5,27.0,24.8,25.6,27.2,17.3,26.5,26.2,27.9,25.9,-2.3,14.2,27.3,28.2
2025-09-15 22:30:38,28.5,23.3,25.5,26.5,25.9,29.9,25.5,25.5,28.5,17.6,24.5,22.0,25.8,26.0,24.1,21.4,18.2,22.7,22.5,26.2,29.4,27.0,16.5,27.0,24.8,25.5,27.1,17.3,26.5,26.2,27.8,25.9,-2.4,14.0,27.2,28.2
2025-09-15 22:40:42,28.5,23.3,25.5,26.5,25.9,29.9,25.5,25.5,28.5,17.6,24.5,22.0,25.8,26.0,24.1,21.4,18.2,22.7,22.5,26.2,29.4,27.0,16.5,27.0,24.8,25.5,27.1,17.3,26.5,26.2,27.8,25.9,-2.4,14.0,27.2,28.2
2025-09-15 22:50:31,28.4,23.2,25.5,26.5,25.8,29.7,25.5,25.4,28.4,17.5,24.5,22.0,25.7,25.9,24.0,21.3,18.1,22.7,22.5,26.2,29.2,26.9,16.5,26.9,24.6,25.5,27.1,17.2,26.5,26.2,27.6,25.9,-2.5,13.7,27.2,28.1
2025-09-15 23:00:31,28.2,23.2,25.5,26.4,25.8,29.6,25.4,25.2,28.3,17.5,24.5,21.9,25.6,25.8,24.0,21.2,18.0,22.6,22.5,26.2,29.0,26.7,16.5,26.8,24.6,25.5,27.0,17.1,26.5,26.3,27.5,25.9,-2.5,13.4,27.2,28.0
2025-09-15 23:10:31,28.2,23.2,25.5,26.4,25.8,29.6,25.4,25.2,28.3,17.5,24.5,21.9,25.6,25.8,24.0,21.2,18.0,22.6,22.5,26.2,29.0,26.7,16.5,26.8,24.6,25.5,27.0,17.1,26.5,26.3,27.5,25.9,-2.5,13.4,27.2,28.0
2025-09-15 23:20:31,28.0,23.1,25.4,26.4,25.8,29.5,25.3,25.1,28.2,17.5,24.4,21.8,25.5,25.8,24.0,21.2,18.0,22.6,22.5,26.2,28.8,26.5,16.5,26.6,24.5,25.4,26.9,17.1,26.4,26.3,27.3,25.9,-2.7,13.2,27.1,28.0
2025-09-15 23:30:32,28.0,23.1,25.4,26.3,25.7,29.5,25.3,25.0,28.2,17.5,24.4,21.6,25.5,25.7,23.9,21.1,18.0,22.5,22.4,26.2,28.6,26.5,16.5,26.6,24.5,25.4,26.9,17.1,26.4,26.4,27.1,25.8,-2.8,13.1,27.1,27.9
2025-09-15 23:40:31,28.0,23.1,25.4,26.3,25.7,29.5,25.3,25.0,28.2,17.5,24.4,21.6,25.5,25.7,23.9,21.1,18.0,22.5,22.4,26.2,28.6,26.5,16.5,26.6,24.5,25.4,26.9,17.1,26.4,26.4,27.1,25.8,-2.8,13.1,27.1,27.9
2025-09-15 23:50:31,27.9,23.0,25.4,26.2,25.7,29.4,25.2,25.0,28.1,17.5,24.4,21.6,25.4,25.6,23.9,21.1,18.0,22.5,22.4,26.1,28.5,26.3,16.4,26.5,24.4,25.3,26.8,17.0,26.3,26.4,27.0,25.8,-2.8,12.8,27.1,27.7
2025-09-16 00:00:32,27.8,23.0,25.4,26.2,25.7,29.1,25.2,24.9,28.1,17.5,24.4,21.5,25.4,25.5,23.8,21.1,18.0,22.5,22.2,26.1,28.4,26.1,16.3,26.4,24.3,25.3,26.6,17.0,26.2,26.3,26.8,25.8,-2.9,12.6,27.1,27.5
2025-09-16 00:10:31,27.8,23.0,25.4,26.2,25.7,29.1,25.2,24.9,28.1,17.5,24.4,21.5,25.4,25.5,23.8,21.1,18.0,22.5,22.2,26.1,28.4,26.1,16.3,26.4,24.3,25.3,26.6,17.0,26.2,26.3,26.8,25.8,-2.9,12.6,27.1,27.5
2025-09-16 00:20:32,27.7,22.9,25.3,26.1,25.6,29.0,25.2,24.9,28.1,17.5,24.3,21.4,25.3,25.5,23.8,21.0,18.0,22.5,22.2,26.0,28.2,26.0,16.2,26.2,24.2,25.2,26.6,16.9,26.2,26.2,26.6,25.8,-3.0,12.4,27.1,27.3
2025-09-16 00:30:31,27.6,22.8,25.3,26.1,25.6,28.9,25.2,24.8,28.1,17.5,24.3,21.4,25.2,25.5,23.7,21.0,18.0,22.5,22.1,26.0,28.0,26.0,16.2,26.2,24.2,25.2,26.5,16.9,26.1,26.2,26.5,25.8,-3.1,12.2,27.1,27.1
2025-09-16 00:40:31,27.6,22.8,25.3,26.1,25.6,28.9,25.2,24.8,28.1,17.5,24.3,21.4,25.2,25.5,23.7,21.0,18.0,22.5,22.1,26.0,28.0,26.0,16.2,26.2,24.2,25.2,26.5,16.9,26.1,26.2,26.5,25.8,-3.1,12.2,27.1,27.1
2025-09-16 00:50:32,27.5,22.7,25.3,26.0,25.6,28.7,25.2,24.8,28.1,17.5,24.3,21.3,25.2,25.4,23.6,21.0,17.9,22.5,22.1,26.0,27.9,25.8,16.1,26.0,24.1,25.2,26.5,16.8,26.1,26.2,26.4,25.8,-3.2,12.1,27.1,27.0
2025-09-16 01:00:31,27.4,22.6,25.3,26.0,25.6,28.5,25.2,24.7,28.0,17.5,24.3,21.2,25.1,25.4,23.6,21.0,17.9,22.5,22.1,25.9,27.8,25.6,16.1,26.0,24.0,25.1,26.4,16.7,26.0,26.1,26.2,25.7,-3.2,11.8,27.2,26.9
2025-09-16 01:10:32,27.4,22.6,25.3,26.0,25.6,28.5,25.2,24.7,28.0,17.5,24.3,21.2,25.1,25.4,23.6,21.0,17.9,22.5,22.1,25.9,27.8,25.6,16.1,26.0,24.0,25.1,26.4,16.7,26.0,26.1,26.2,25.7,-3.2,11.8,27.2,26.9
2025-09-16 01:20:31,27.3,22.5,25.3,26.0,25.6,28.4,25.1,24.6,27.9,17.5,24.3,21.1,25.1,25.4,23.5,21.1,17.8,22.4,22.0,25.9,27.6,25.5,16.0,25.9,24.0,25.1,26.3,16.6,26.0,26.1,26.0,25.7,-3.3,11.6,27.2,26.7
2025-09-16 01:30:33,27.2,22.5,25.3,26.0,25.5,28.2,25.1,24.6,27.9,17.5,24.3,21.0,25.0,25.4,23.5,21.1,17.8,22.4,22.0,25.8,27.5,25.5,16.0,25.8,23.9,25.0,26.2,16.6,26.0,26.1,26.0,25.6,-3.5,11.5,27.2,26.6
2025-09-16 01:40:32,27.2,22.5,25.3,26.0,25.5,28.2,25.1,24.6,27.9,17.5,24.3,21.0,25.0,25.4,23.5,21.1,17.8,22.4,22.0,25.8,27.5,25.5,16.0,25.8,23.9,25.0,26.2,16.6,26.0,26.1,26.0,25.6,-3.5,11.5,27.2,26.6
2025-09-16 01:50:31,27.1,22.5,25.2,26.0,25.5,28.0,25.1,24.5,27.6,17.5,24.3,21.0,25.0,25.3,23.5,21.1,17.8,22.4,22.0,25.8,27.4,25.4,15.9,25.7,23.9,25.0,26.2,16.5,26.0,26.0,25.8,25.6,-3.5,11.3,27.2,26.5
2025-09-16 02:00:31,27.0,22.5,25.2,26.0,25.5,27.9,25.0,24.5,27.2,17.5,24.2,21.0,25.0,25.2,23.5,21.1,17.8,22.4,22.0,25.7,27.3,25.2,15.8,25.6,23.8,25.0,26.1,16.5,26.0,26.0,25.6,25.6,-3.7,11.1,27.2,26.4
2025-09-16 02:10:32,27.0,22.5,25.2,26.0,25.5,27.9,25.0,24.5,27.2,17.5,24.2,21.0,25.0,25.2,23.5,21.1,17.8,22.4,22.0,25.7,27.3,25.2,15.8,25.6,23.8,25.0,26.1,16.5,26.0,26.0,25.6,25.6,-3.7,11.1,27.2,26.4
2025-09-16 02:20:32,26.9,22.5,25.2,25.9,25.4,27.8,25.0,24.5,26.9,17.5,24.2,21.0,24.9,25.1,23.4,21.1,17.8,22.3,22.0,25.7,27.2,25.1,15.7,25.5,23.8,25.0,26.1,16.5,26.0,26.0,25.5,25.5,-3.8,11.0,27.1,26.3
2025-09-16 02:30:31,26.8,22.4,25.1,25.9,25.3,27.7,25.0,24.4,26.7,17.5,24.2,20.9,24.9,25.1,23.4,21.1,17.8,22.3,22.0,25.6,27.2,25.0,15.6,25.5,23.8,25.0,26.0,16.6,25.9,26.0,25.4,25.5,-3.9,10.9,27.1,26.2
2025-09-16 02:40:36,26.8,22.4,25.1,25.9,25.3,27.7,25.0,24.4,26.7,17.5,24.2,20.9,24.9,25.1,23.4,21.1,17.8,22.3,22.0,25.6,27.2,25.0,15.6,25.5,23.8,25.0,26.0,16.6,25.9,26.0,25.4,25.5,-3.9,10.9,27.1,26.2
2025-09-16 02:50:52,26.7,22.4,25.1,25.9,,27.5,25.0,24.4,26.5,17.4,24.1,20.9,24.8,25.0,23.4,21.0,17.8,22.3,22.0,25.6,27.1,25.0,16.0,25.4,23.8,25.0,26.0,16.6,25.9,26.0,25.2,25.5,-4.0,10.8,27.1,26.1
2025-09-16 03:00:51,,22.4,25.1,25.9,25.2,27.5,24.9,24.3,26.4,17.4,24.1,20.9,24.8,25.0,23.4,21.0,17.8,22.3,22.0,25.6,27.0,24.9,16.5,25.2,23.7,24.9,26.0,16.7,25.9,25.9,25.2,25.5,-4.2,10.6,27.0,26.0
2025-09-16 03:10:38,26.6,22.4,25.1,25.9,25.2,27.5,24.9,24.3,26.4,17.4,24.1,20.9,24.8,25.0,23.4,21.0,17.8,22.3,22.0,25.6,27.0,24.9,16.5,25.2,23.7,24.9,26.0,16.7,25.9,25.9,25.2,25.5,-4.2,10.6,27.0,26.0
2025-09-16 03:20:52,26.5,22.4,25.0,25.8,25.1,27.4,24.9,24.2,26.3,17.3,24.1,20.8,24.7,25.0,23.4,21.0,17.8,22.3,22.0,25.5,27.0,24.8,17.1,25.1,23.7,24.9,26.0,16.8,25.9,25.9,25.1,25.5,-4.3,10.4,,26.0
2025-09-16 03:30:52,26.5,22.3,25.0,25.8,25.1,27.4,,24.1,26.2,17.2,24.1,20.8,24.6,24.9,23.4,21.0,17.8,22.3,21.9,25.5,26.9,24.8,17.5,25.1,23.7,24.9,26.0,16.9,25.8,25.9,25.1,25.4,-4.4,10.4,27.0,25.9
2025-09-16 03:40:52,26.5,22.5,25.0,25.7,25.2,27.9,24.8,24.2,26.5,17.4,24.0,20.8,25.0,25.0,23.4,,17.9,22.1,22.0,25.4,27.0,24.9,16.9,25.4,23.7,25.0,26.0,16.9,25.8,25.8,25.7,25.5,-5.3,10.4,26.9,26.2
2025-09-16 03:50:37,26.4,22.5,25.0,25.7,25.1,27.8,24.7,24.2,26.4,17.3,24.0,20.8,25.0,25.0,23.4,20.6,17.8,22.1,22.0,25.4,26.9,24.9,16.9,25.3,23.6,25.0,26.0,16.8,25.8,25.8,25.6,25.5,-5.0,10.2,26.8,26.1
2025-09-16 04:01:04,26.3,22.5,25.0,25.6,25.0,27.6,24.7,24.2,26.2,17.2,24.0,20.8,25.0,24.9,23.4,,17.8,22.1,22.0,25.4,26.8,,17.0,25.2,23.6,25.0,26.0,16.8,25.7,25.8,25.5,25.5,-4.5,10.1,26.8,26.1
2025-09-16 04:10:50,26.3,22.5,25.0,25.6,25.0,27.6,24.7,24.2,26.2,17.2,24.0,20.8,25.0,24.9,23.4,20.6,17.8,22.1,22.0,25.4,26.8,24.8,17.0,25.2,23.6,,26.0,16.8,25.7,25.8,25.5,25.5,-4.5,10.1,26.8,26.1
2025-09-16 04:20:52,26.2,22.5,25.0,25.6,24.9,27.6,24.8,24.1,26.1,17.2,24.0,20.8,25.0,24.9,23.4,20.6,17.8,22.1,21.9,25.4,26.8,24.7,17.1,25.2,23.6,24.9,26.0,16.8,25.7,25.8,25.5,25.5,-4.1,9.9,,26.0
2025-09-16 04:30:37,26.2,22.4,25.0,25.6,24.8,27.5,24.8,24.1,26.0,17.1,24.0,20.7,25.0,24.9,23.4,20.6,17.9,22.1,21.9,25.4,26.6,24.6,17.3,25.2,23.6,24.9,26.0,16.8,25.6,25.8,25.4,25.4,-3.8,9.8,26.8,26.0
2025-09-16 04:40:36,26.2,22.4,25.0,25.6,24.8,27.5,24.8,24.1,26.0,17.1,24.0,20.7,25.0,24.9,23.4,20.6,17.9,22.1,21.9,25.4,26.6,24.6,17.3,25.2,23.6,24.9,26.0,16.8,25.6,25.8,25.4,25.4,-3.8,9.8,26.8,26.0
2025-09-16 04:50:39,26.2,22.4,25.0,25.6,24.7,27.5,24.7,24.0,25.9,17.1,24.0,20.6,25.0,24.9,23.4,20.6,17.9,22.1,21.9,25.4,26.6,24.6,17.2,25.1,23.5,24.9,26.0,16.8,25.6,25.8,25.3,25.4,-3.7,9.6,26.8,26.0
2025-09-16 05:00:51,26.2,22.4,25.0,25.6,24.6,27.4,24.7,24.0,25.9,17.0,24.0,20.6,25.0,,23.4,20.6,17.9,22.1,21.9,25.4,26.5,24.5,17.1,25.1,23.5,24.9,25.9,16.8,25.6,25.8,25.2,25.4,-3.7,9.5,26.8,25.9
2025-09-16 05:10:37,26.2,22.4,25.0,25.6,24.6,27.4,24.7,24.0,25.9,17.0,24.0,20.6,25.0,24.8,23.4,20.6,17.9,22.1,21.9,25.4,26.5,24.5,17.1,25.1,23.5,24.9,25.9,16.8,25.6,25.8,25.2,25.4,-3.7,9.5,26.8,25.9
2025-09-16 05:20:40,26.2,22.3,25.0,25.6,24.5,27.3,24.7,23.9,25.9,17.0,24.1,20.5,25.0,24.8,23.3,20.7,18.0,22.1,21.8,25.3,26.4,24.5,17.0,25.1,23.5,25.0,25.9,16.9,25.6,25.9,25.1,25.3,-3.8,9.4,26.8,25.9
2025-09-16 05:30:41,26.2,22.2,25.0,25.6,24.5,27.3,24.7,23.8,25.8,17.0,24.1,20.5,25.0,24.8,23.3,20.8,18.0,22.1,21.8,25.3,26.3,24.4,16.9,25.1,23.5,25.0,25.9,17.0,25.6,25.9,25.0,25.2,-3.9,9.2,26.8,25.9
2025-09-16 05:40:53,26.2,22.2,25.0,25.6,24.5,27.3,24.7,23.8,25.8,17.0,24.1,20.5,25.0,24.8,23.3,20.8,18.0,22.1,21.8,25.3,26.3,24.4,16.9,25.1,23.5,25.0,25.9,,25.6,25.9,25.0,25.2,-3.9,9.2,26.8,25.9
2025-09-16 05:50:54,26.2,22.3,25.0,25.6,24.5,27.2,24.7,23.8,25.8,16.9,24.1,20.5,25.0,24.8,23.3,20.9,18.0,22.4,22.0,25.4,,24.4,16.8,25.1,23.5,25.1,25.9,17.0,25.6,25.9,25.0,25.2,-3.9,9.1,26.8,25.9
2025-09-16 06:00:56,26.2,22.4,25.2,25.6,24.5,27.1,24.7,23.8,25.7,16.9,24.2,20.5,25.0,24.7,23.3,21.1,18.1,22.5,22.2,25.5,26.1,24.2,16.7,25.1,23.4,25.4,25.8,17.0,25.6,25.9,24.9,,-3.9,8.9,26.8,25.8
2025-09-16 06:11:06,26.2,22.4,25.2,25.6,,27.1,24.7,23.8,25.7,16.9,24.2,20.5,25.0,24.7,23.3,21.1,18.1,22.5,22.2,25.5,26.1,24.2,16.7,25.1,23.4,25.4,25.8,17.0,25.6,,24.9,25.2,-3.9,8.9,26.8,25.8
2025-09-16 06:20:42,26.2,22.5,25.3,25.7,24.5,27.0,24.7,23.8,25.6,16.9,24.2,20.5,25.0,24.7,23.4,21.3,18.2,22.8,22.5,25.6,26.0,24.2,16.6,25.1,23.4,25.5,25.8,17.0,25.5,25.9,24.9,25.1,-3.9,8.8,26.8,25.8
2025-09-16 06:30:51,26.2,22.5,25.4,25.8,24.5,27.0,24.8,23.7,25.6,16.9,24.2,20.5,25.1,24.6,23.4,21.5,18.2,23.0,22.6,25.6,26.0,24.1,16.6,25.1,,25.7,25.7,17.0,25.5,26.0,24.9,25.1,-4.0,8.7,26.8,25.8
2025-09-16 06:40:38,26.2,22.5,25.4,25.8,24.5,27.0,24.8,23.7,25.6,16.9,24.2,20.5,25.1,24.6,23.4,21.5,18.2,23.0,22.6,25.6,26.0,24.1,16.6,25.1,23.4,25.7,25.7,17.0,25.5,26.0,24.9,25.1,-4.0,8.7,26.8,25.8
2025-09-16 06:50:54,26.4,22.6,25.6,25.9,24.5,27.0,24.8,23.8,25.8,17.0,24.4,20.6,25.2,24.7,23.4,21.7,18.3,23.3,22.9,25.9,26.1,24.2,16.6,,23.5,25.9,25.8,17.1,25.6,26.0,25.0,25.1,-4.0,8.8,26.9,26.0
2025-09-16 07:01:09,26.5,22.8,25.9,26.1,24.7,27.1,25.0,23.8,26.1,17.4,24.5,,25.5,24.8,23.5,22.0,18.4,23.6,23.2,26.0,26.3,24.4,16.6,25.6,23.6,26.1,26.0,17.2,25.7,26.0,25.1,,-4.0,8.9,26.9,26.2
2025-09-16 07:11:06,26.5,22.8,25.9,26.1,,27.1,25.0,23.8,26.1,17.4,24.5,20.7,25.5,24.8,23.5,22.0,18.4,23.6,23.2,26.0,26.3,24.4,16.6,25.6,23.6,26.1,,17.2,25.7,26.0,25.1,25.2,-4.0,8.9,26.9,26.2
2025-09-16 07:21:27,26.7,22.8,26.0,26.2,24.8,,25.0,23.9,26.5,17.6,24.6,20.9,25.6,24.8,23.5,22.3,18.5,24.0,,26.2,26.5,,16.6,26.0,23.8,26.3,26.1,17.4,25.8,26.1,25.4,25.4,-4.0,9.1,27.0,26.5
2025-09-16 07:30:57,26.8,22.9,26.2,26.4,24.9,27.4,25.1,23.9,26.7,17.8,24.8,20.9,25.8,24.9,23.6,22.5,18.5,24.2,23.7,26.4,26.6,24.7,16.7,26.2,24.0,26.5,,17.5,25.9,26.2,25.5,25.4,-4.0,9.2,27.0,26.6
2025-09-16 07:41:10,26.8,22.9,26.2,26.4,24.9,27.4,25.1,23.9,26.7,17.8,24.8,,,24.9,23.6,22.5,18.5,24.2,23.7,26.4,26.6,24.7,16.7,26.2,24.0,26.5,26.2,17.5,25.9,26.2,25.5,25.4,-4.0,9.2,27.0,26.6
2025-09-16 07:50:38,27.0,23.0,26.4,26.6,25.0,27.5,25.3,24.2,27.2,18.1,24.9,21.1,26.0,25.0,23.6,22.9,18.6,24.5,23.8,26.7,26.9,25.0,16.7,26.6,24.1,26.5,26.5,17.5,26.0,26.2,25.6,25.6,-3.8,9.8,27.0,27.0
2025-09-16 08:00:42,27.3,23.3,26.5,26.9,25.1,27.8,25.5,24.5,27.9,18.5,25.1,21.5,26.3,25.0,23.8,23.2,18.8,24.8,23.9,27.1,27.1,25.4,16.7,27.0,24.3,26.6,26.8,17.6,26.1,26.4,25.9,25.9,-3.8,10.5,27.0,27.5
2025-09-16 08:10:38,27.3,23.3,26.5,26.9,25.1,27.8,25.5,24.5,27.9,18.5,25.1,21.5,26.3,25.0,23.8,23.2,18.8,24.8,23.9,27.1,27.1,25.4,16.7,27.0,24.3,26.6,26.8,17.6,26.1,26.4,25.9,25.9,-3.8,10.5,27.0,27.5
2025-09-16 08:20:42,27.6,23.5,26.5,27.1,25.2,28.0,25.8,24.9,28.5,19.0,25.3,21.8,26.6,25.1,23.8,23.6,19.0,25.0,23.9,27.5,27.4,25.8,16.7,27.5,24.5,26.7,27.0,17.8,26.2,26.4,26.1,26.1,-3.6,11.2,27.1,27.9
2025-09-16 08:31:21,27.8,,26.5,27.2,,28.2,26.0,,29.0,19.2,25.4,22.0,26.8,25.2,23.9,23.9,19.1,25.2,24.0,27.7,27.5,26.0,16.7,27.8,24.6,26.8,27.2,17.8,26.2,26.5,26.2,26.3,-3.5,11.7,27.1,28.2
2025-09-16 08:40:54,27.8,23.6,26.5,27.2,25.3,28.2,26.0,25.1,29.0,19.2,25.4,22.0,,25.2,23.9,23.9,19.1,25.2,24.0,27.7,27.5,26.0,16.7,27.8,24.6,26.8,27.2,17.8,26.2,26.5,26.2,26.3,-3.5,11.7,27.1,28.2
2025-09-16 08:51:06,28.0,23.9,26.6,27.5,25.6,28.5,26.1,25.5,,19.5,25.6,22.4,27.1,25.3,23.9,24.1,19.2,,24.0,28.0,27.9,26.5,16.8,28.2,24.9,26.9,27.5,18.0,26.4,26.5,26.5,26.5,-3.4,12.4,27.1,28.8
2025-09-16 09:00:50,28.4,24.2,26.8,27.7,25.9,28.8,26.2,25.8,30.0,19.8,25.9,22.7,27.5,25.4,24.0,24.3,19.4,25.6,24.2,28.2,28.2,26.9,17.0,28.6,,27.0,27.6,18.2,26.5,26.6,27.0,26.9,-3.3,13.1,27.1,29.4
2025-09-16 09:10:35,28.4,24.2,26.8,27.7,25.9,28.8,26.2,25.8,30.0,19.8,25.9,22.7,27.5,25.4,24.0,24.3,19.4,25.6,24.2,28.2,28.2,26.9,17.0,28.6,25.1,27.0,27.6,18.2,26.5,26.6,27.0,26.9,-3.3,13.1,27.1,29.4
2025-09-16 09:20:38,28.6,24.5,26.8,27.9,26.2,29.1,26.4,26.1,30.4,20.0,26.0,23.0,27.9,25.5,24.0,24.4,19.5,25.8,24.4,28.4,28.6,27.3,17.1,29.0,25.3,27.0,27.9,18.5,26.5,26.6,27.3,27.0,-3.2,13.8,27.2,29.9
2025-09-16 09:30:36,28.8,24.6,26.9,28.0,26.5,29.4,26.5,26.4,30.7,20.2,26.2,23.2,28.1,25.5,24.1,24.5,19.7,25.9,24.5,28.5,28.8,27.6,17.2,29.3,25.5,27.1,28.0,18.6,26.5,26.7,27.5,27.2,-3.1,14.2,27.2,30.2
2025-09-16 09:40:51,28.8,24.6,26.9,,26.5,29.4,26.5,26.4,30.7,20.2,26.2,23.2,28.1,25.5,24.1,24.5,19.7,25.9,24.5,28.5,28.8,27.6,17.2,29.3,25.5,27.1,28.0,18.6,26.5,26.7,27.5,27.2,-3.1,14.2,27.2,30.2
2025-09-16 09:50:34,29.2,24.5,27.4,27.9,26.5,31.2,26.3,26.8,31.5,19.9,26.3,23.8,28.2,26.5,24.4,24.1,20.0,25.8,24.9,28.5,30.4,28.4,17.4,29.5,26.5,27.0,27.8,17.9,26.6,26.8,28.0,27.4,-2.8,14.6,27.2,31.0
2025-09-16 10:00:35,29.6,24.8,27.5,28.1,26.7,31.5,26.4,27.2,32.0,20.0,26.6,24.1,28.4,26.7,24.5,24.3,20.0,25.9,25.0,28.7,30.8,28.9,17.4,29.9,26.8,27.1,28.0,18.0,26.7,26.9,28.3,27.6,-2.7,15.1,27.2,31.5
2025-09-16 10:10:33,29.6,24.8,27.5,28.1,26.7,31.5,26.4,27.2,32.0,20.0,26.6,24.1,28.4,26.7,24.5,24.3,20.0,25.9,25.0,28.7,30.8,28.9,17.4,29.9,26.8,27.1,28.0,18.0,26.7,26.9,28.3,27.6,-2.7,15.1,27.2,31.5
2025-09-16 10:20:33,30.0,25.0,27.5,28.4,26.9,31.8,26.5,27.6,32.4,20.2,26.9,24.5,28.6,26.9,24.7,24.5,20.0,26.0,25.0,29.0,31.1,29.3,17.2,30.2,27.0,27.2,28.3,18.0,26.8,27.0,28.6,27.9,-2.7,15.6,27.2,32.0
2025-09-16 10:30:46,30.2,25.1,27.6,28.6,27.0,32.0,26.6,27.9,32.7,20.4,27.1,24.6,28.7,27.0,24.8,24.5,20.0,26.0,25.0,29.1,31.4,29.6,17.2,30.5,,27.2,28.5,18.1,26.9,27.0,28.8,28.0,-2.6,15.9,27.2,32.2
2025-09-16 10:40:32,30.2,25.1,27.6,28.6,27.0,32.0,26.6,27.9,32.7,20.4,27.1,24.6,28.7,27.0,24.8,24.5,20.0,26.0,25.0,29.1,31.4,29.6,17.2,30.5,27.2,27.2,28.5,18.1,26.9,27.0,28.8,28.0,-2.6,15.9,27.2,32.2
2025-09-16 10:50:31,30.6,25.3,27.6,28.8,27.2,32.2,26.6,28.2,33.0,20.5,27.3,24.9,28.9,27.2,24.9,24.6,20.0,26.1,24.9,29.2,31.7,30.0,17.2,30.9,27.5,27.2,28.8,18.1,26.9,27.0,29.1,28.2,-2.5,16.4,27.2,32.5
2025-09-16 11:00:31,31.0,25.4,27.5,29.0,27.4,32.4,26.8,28.6,33.4,20.8,27.5,25.1,29.1,27.5,25.0,24.8,20.0,26.2,24.6,29.4,32.0,30.4,17.2,31.4,27.7,27.1,29.0,18.0,26.9,27.1,29.5,28.4,-2.3,16.9,27.2,32.8
2025-09-16 11:10:30,31.0,25.4,27.5,29.0,27.4,32.4,26.8,28.6,33.4,20.8,27.5,25.1,29.1,27.5,25.0,24.8,20.0,26.2,24.6,29.4,32.0,30.4,17.2,31.4,27.7,27.1,29.0,18.0,26.9,27.1,29.5,28.4,-2.3,16.9,27.2,32.8
2025-09-16 11:20:31,31.3,25.5,27.5,29.1,27.5,32.6,26.8,28.9,33.7,21.0,27.5,25.4,29.3,27.8,25.1,24.9,20.0,26.3,24.5,29.5,32.3,30.8,17.2,31.8,27.9,27.0,29.2,18.0,26.9,27.2,29.7,28.6,-2.2,17.2,27.2,33.0
2025-09-16 11:30:30,31.5,25.5,27.4,29.2,27.5,32.8,26.9,29.1,33.9,21.1,27.6,25.5,29.4,27.9,25.1,25.0,20.0,26.4,24.3,29.6,32.5,31.0,17.2,32.1,28.0,27.0,29.4,18.0,26.8,27.2,29.9,28.8,-2.2,17.5,27.2,33.0
2025-09-16 11:40:31,31.5,25.5,27.4,29.2,27.5,32.8,26.9,29.1,33.9,21.1,27.6,25.5,29.4,27.9,25.1,25.0,20.0,26.4,24.3,29.6,32.5,31.0,17.2,32.1,28.0,27.0,29.4,18.0,26.8,27.2,29.9,28.8,-2.2,17.5,27.2,33.0
2025-09-16 11:50:30,31.8,25.5,27.3,29.2,27.8,32.8,26.9,29.5,34.2,21.2,27.8,25.6,29.6,28.1,25.2,25.0,20.0,26.4,24.2,29.6,32.8,31.3,17.2,32.4,28.2,26.9,29.5,17.9,26.9,27.3,30.3,28.9,-2.0,18.0,27.2,33.3
2025-09-16 12:00:29,32.0,25.5,27.2,29.2,27.9,33.0,26.9,29.8,34.5,21.4,27.9,25.8,29.8,28.4,25.2,25.1,19.9,26.4,24.2,29.6,33.2,31.5,17.1,32.7,28.3,26.8,29.4,18.0,26.9,27.3,30.7,29.0,-2.0,18.4,27.2,33.5
2025-09-16 12:10:31,32.0,25.5,27.2,29.2,27.9,33.0,26.9,29.8,34.5,21.4,27.9,25.8,29.8,28.4,25.2,25.1,19.9,26.4,24.2,29.6,33.2,31.5,17.1,32.7,28.3,26.8,29.4,18.0,26.9,27.3,30.7,29.0,-2.0,18.4,27.2,33.5
2025-09-16 12:20:30,32.3,25.5,27.1,29.2,28.1,33.0,26.9,30.0,34.8,21.4,28.0,25.9,30.0,28.5,25.1,25.1,19.8,26.4,24.3,29.6,33.5,31.8,17.1,32.9,28.4,26.7,29.2,18.0,27.0,27.3,31.1,29.0,-2.0,18.8,27.2,33.8
2025-09-16 12:30:30,32.5,25.4,27.0,29.2,28.2,33.2,26.9,30.2,35.0,21.5,28.0,25.9,30.1,28.6,25.1,25.2,19.8,26.4,24.3,29.6,33.6,32.0,17.1,33.1,28.5,26.6,29.1,18.0,27.0,27.4,31.4,29.0,-2.0,19.1,27.2,34.0
2025-09-16 12:40:31,32.5,25.4,27.0,29.2,28.2,33.2,26.9,30.2,35.0,21.5,28.0,25.9,30.1,28.6,25.1,25.2,19.8,26.4,24.3,29.6,33.6,32.0,17.1,33.1,28.5,26.6,29.1,18.0,27.0,27.4,31.4,29.0,-2.0,19.1,27.2,34.0
2025-09-16 12:50:30,32.7,25.4,27.0,29.2,28.4,33.2,26.9,30.5,35.2,21.5,28.0,26.0,30.3,28.8,25.0,25.1,19.8,26.4,24.4,29.5,33.8,32.1,17.0,33.3,28.6,26.6,29.2,18.0,27.1,27.4,31.7,29.0,-1.9,19.5,27.2,34.2
2025-09-16 13:00:31,32.8,25.3,27.0,29.1,28.5,33.3,27.0,30.8,35.2,21.4,27.8,26.0,30.5,28.9,24.8,24.9,19.8,26.5,24.5,29.5,33.8,32.2,17.0,33.5,28.7,26.5,29.5,18.0,27.2,27.4,32.0,28.8,-1.8,19.9,27.3,34.3
2025-09-16 13:10:30,32.8,25.3,27.0,29.1,28.5,33.3,27.0,30.8,35.2,21.4,27.8,26.0,30.5,28.9,24.8,24.9,19.8,26.5,24.5,29.5,33.8,32.2,17.0,33.5,28.7,26.5,29.5,18.0,27.2,27.4,32.0,28.8,-1.8,19.9,27.3,34.3
2025-09-16 13:20:31,32.9,25.2,27.0,29.1,28.6,33.4,27.1,31.0,35.2,21.4,27.6,26.0,30.6,29.0,24.5,24.7,19.8,26.5,24.6,29.3,34.0,32.3,17.0,33.8,28.8,26.5,29.6,18.1,27.4,27.4,32.2,28.6,-1.7,20.2,27.3,34.4
2025-09-16 13:30:31,33.0,25.2,27.0,29.1,28.7,33.5,27.2,31.0,35.2,21.3,27.5,26.0,30.7,29.0,24.4,24.6,19.9,26.5,24.7,29.2,34.0,32.4,17.0,33.9,28.9,26.5,29.7,18.1,27.4,27.4,32.3,28.5,-1.7,20.5,27.3,34.5
2025-09-16 13:40:30,33.0,25.2,27.0,29.1,28.7,33.5,27.2,31.0,35.2,21.3,27.5,26.0,30.7,29.0,24.4,24.6,19.9,26.5,24.7,29.2,34.0,32.4,17.0,33.9,28.9,26.5,29.7,18.1,27.4,27.4,32.3,28.5,-1.7,20.5,27.3,34.5
2025-09-16 13:50:30,33.1,25.2,26.9,29.0,28.8,33.1,27.2,31.2,35.3,21.1,27.4,26.1,30.7,29.0,24.3,24.5,19.8,26.5,24.8,29.1,34.0,32.5,16.9,34.0,28.8,26.5,29.8,18.2,27.5,27.3,32.5,28.5,-1.6,20.6,27.3,34.5
2025-09-16 14:00:31,33.2,25.2,26.9,29.0,28.9,32.5,27.2,31.3,35.4,21.0,27.2,26.3,30.6,29.0,24.2,24.3,19.8,26.4,24.8,29.1,34.0,32.5,16.9,34.1,28.6,26.4,29.8,18.4,27.5,27.2,32.5,28.4,-1.5,20.7,27.3,34.5
2025-09-16 14:10:29,33.2,25.2,26.9,29.0,28.9,32.5,27.2,31.3,35.4,21.0,27.2,26.3,30.6,29.0,24.2,24.3,19.8,26.4,24.8,29.1,34.0,32.5,16.9,34.1,28.6,26.4,29.8,18.4,27.5,27.2,32.5,28.4,-1.5,20.7,27.3,34.5
2025-09-16 14:20:30,33.3,25.1,26.8,28.9,29.0,31.8,27.1,31.4,35.5,20.8,27.0,26.5,30.5,29.0,24.2,24.1,19.6,26.2,24.9,29.1,34.0,32.6,16.9,34.2,28.5,26.4,29.8,18.5,27.5,27.2,32.6,28.3,-1.5,20.7,27.2,34.5
2025-09-16 14:30:31,33.4,25.1,26.8,28.8,29.0,31.4,27.1,31.4,35.5,20.7,26.9,26.6,30.4,28.9,24.2,24.0,19.6,26.1,24.9,29.1,34.0,32.7,16.9,34.2,28.4,26.3,29.8,18.7,27.5,27.1,32.7,28.2,-1.4,20.7,27.2,34.5
2025-09-16 14:40:31,33.4,25.1,26.8,28.8,29.0,31.4,27.1,31.4,35.5,20.7,26.9,26.6,30.4,28.9,24.2,24.0,19.6,26.1,24.9,29.1,34.0,32.7,16.9,34.2,28.4,26.3,29.8,18.7,27.5,27.1,32.7,28.2,-1.4,20.7,27.2,34.5
2025-09-16 14:50:30,33.5,25.1,26.6,28.8,29.1,31.2,27.1,31.4,35.5,20.6,26.8,26.5,30.4,29.0,24.2,24.0,19.5,26.0,24.8,29.1,34.0,32.7,16.9,34.2,28.1,26.3,29.5,18.8,27.5,27.0,32.6,28.1,-1.3,20.6,27.2,34.4
2025-09-16 15:00:30,33.5,25.0,26.5,28.8,29.1,31.3,27.0,31.4,35.3,20.5,26.8,26.4,30.3,29.1,24.2,23.9,19.5,25.9,24.7,29.0,34.0,32.7,16.9,34.3,28.0,26.3,29.2,18.8,27.5,27.0,32.5,28.0,-1.3,20.4,27.2,34.3
2025-09-16 15:10:31,33.5,25.0,26.5,28.8,29.1,31.3,27.0,31.4,35.3,20.5,26.8,26.4,30.3,29.1,24.2,23.9,19.5,25.9,24.7,29.0,34.0,32.7,16.9,34.3,28.0,26.3,29.2,18.8,27.5,27.0,32.5,28.0,-1.3,20.4,27.2,34.3
2025-09-16 15:20:30,33.5,25.0,26.5,28.9,29.2,31.4,27.0,31.3,35.2,20.4,26.8,26.1,30.3,29.2,24.3,23.8,19.5,25.7,24.6,29.0,34.0,32.8,16.9,34.3,27.8,26.4,29.0,18.8,27.4,26.9,32.4,28.0,-1.2,20.2,27.2,34.2
2025-09-16 15:30:30,33.5,24.9,26.4,28.9,29.2,31.5,27.0,31.2,35.1,20.4,26.8,26.0,30.2,29.4,24.3,23.7,19.5,25.5,24.5,29.0,34.0,32.8,17.0,34.3,27.7,26.4,28.7,18.9,27.4,26.9,32.3,27.9,-1.2,20.1,27.2,34.1
2025-09-16 15:40:30,32.7,25.0,26.8,28.8,29.4,33.2,26.7,32.0,35.2,20.1,27.0,25.5,30.8,29.5,23.7,23.6,19.8,24.4,24.7,28.9,34.3,33.1,17.0,34.1,27.1,26.1,29.1,18.7,27.7,27.0,32.5,28.2,-0.8,20.7,27.4,33.8
2025-09-16 15:50:30,32.6,24.9,26.6,28.7,29.3,33.0,26.6,32.0,35.1,19.9,26.9,25.1,30.5,29.4,23.6,23.5,19.7,24.3,24.5,28.8,34.3,33.0,16.9,34.0,27.1,26.0,28.8,18.7,27.7,26.9,32.3,28.0,-0.9,20.4,27.4,33.3
2025-09-16 16:00:31,32.5,24.7,26.5,28.7,29.2,32.7,26.5,32.0,35.0,19.7,26.8,24.6,30.2,29.3,23.6,23.3,19.6,24.1,24.3,28.5,34.2,33.0,16.9,33.8,27.2,26.0,28.5,18.7,27.7,26.9,32.0,27.9,-0.9,19.9,27.4,32.7
2025-09-16 16:10:46,32.5,24.7,26.5,28.7,29.2,32.7,26.5,32.0,35.0,19.7,26.8,24.6,,29.3,23.6,23.3,19.6,24.1,24.3,28.5,34.2,33.0,16.9,33.8,27.2,26.0,28.5,18.7,27.7,26.9,32.0,27.9,-0.9,19.9,27.4,32.7
2025-09-16 16:20:30,32.3,24.5,26.3,28.6,29.1,32.3,26.5,31.9,35.0,19.5,26.6,24.2,30.0,29.1,23.6,23.2,19.5,24.1,24.1,28.4,34.1,32.8,16.9,33.5,27.2,26.0,28.2,18.7,27.7,26.8,31.9,27.6,-1.0,19.3,27.4,32.0
2025-09-16 16:30:31,32.2,24.4,26.2,28.6,29.0,32.2,26.4,31.9,35.0,19.4,26.5,23.9,29.8,29.1,23.6,23.1,19.5,24.0,24.0,28.2,34.0,32.8,16.9,33.5,27.3,25.9,28.0,18.8,27.7,26.8,31.7,27.5,-1.1,19.0,27.4,31.5
2025-09-16 16:40:31,32.2,24.4,26.2,28.6,29.0,32.2,26.4,31.9,35.0,19.4,26.5,23.9,29.8,29.1,23.6,23.1,19.5,24.0,24.0,28.2,34.0,32.8,16.9,33.5,27.3,25.9,28.0,18.8,27.7,26.8,31.7,27.5,-1.1,19.0,27.4,31.5
2025-09-16 16:50:30,32.1,24.2,26.1,28.5,28.9,32.0,26.2,31.7,34.7,19.2,26.4,23.8,29.5,29.0,23.6,22.9,19.2,24.0,23.9,28.0,33.8,32.6,16.9,33.2,27.2,25.8,27.9,18.6,27.5,26.8,31.2,27.4,-1.2,18.6,27.4,31.0
2025-09-16 17:00:30,31.9,24.1,26.0,28.3,28.6,31.7,26.1,31.5,34.3,19.0,26.3,23.6,29.1,28.8,23.7,22.7,19.0,23.9,23.6,27.7,33.7,32.4,16.8,32.8,27.0,25.7,27.8,18.5,27.4,26.8,30.6,27.2,-1.4,18.2,27.4,30.6
2025-09-16 17:10:31,31.9,24.1,26.0,28.3,28.6,31.7,26.1,31.5,34.3,19.0,26.3,23.6,29.1,28.8,23.7,22.7,19.0,23.9,23.6,27.7,33.7,32.4,16.8,32.8,27.0,25.7,27.8,18.5,27.4,26.8,30.6,27.2,-1.4,18.2,27.4,30.6
2025-09-16 17:20:40,31.8,24.0,,,28.4,31.5,26.0,31.2,34.0,18.9,26.2,23.6,28.8,28.6,23.7,22.5,18.9,23.8,23.5,27.5,33.5,32.2,16.7,32.5,26.9,25.6,27.6,18.4,27.1,26.7,30.0,27.1,-1.5,18.0,27.4,30.4
2025-09-16 17:30:30,31.6,23.9,26.0,28.0,28.2,31.4,26.0,31.1,33.8,18.8,26.1,23.6,28.6,28.5,23.7,22.4,18.8,23.8,23.4,27.2,33.3,32.0,16.7,32.3,26.8,25.5,27.5,18.3,27.0,26.7,29.5,27.0,-1.7,17.8,27.4,30.1
2025-09-16 17:40:31,31.6,23.9,26.0,28.0,28.2,31.4,26.0,31.1,33.8,18.8,26.1,23.6,28.6,28.5,23.7,22.4,18.8,23.8,23.4,27.2,33.3,32.0,16.7,32.3,26.8,25.5,27.5,18.3,27.0,26.7,29.5,27.0,-1.7,17.8,27.4,30.1
2025-09-16 17:50:30,31.1,23.8,25.9,27.8,28.0,31.1,25.9,30.8,33.2,18.6,26.0,23.5,28.3,28.4,23.8,22.2,18.5,23.7,23.3,27.0,32.8,31.7,16.6,31.8,26.5,25.5,27.5,18.1,26.9,26.6,29.1,27.0,-1.9,17.5,27.4,29.8
2025-09-16 18:00:31,30.5,23.7,25.8,27.5,27.6,30.8,25.8,30.4,32.6,18.5,25.8,23.3,28.0,28.2,23.8,22.0,18.4,23.6,23.2,26.9,32.1,31.3,16.5,31.0,26.1,25.4,27.4,17.9,26.6,26.6,28.6,26.9,-2.0,17.3,27.4,29.4
2025-09-16 18:10:29,30.5,23.7,25.8,27.5,27.6,30.8,25.8,30.4,32.6,18.5,25.8,23.3,28.0,28.2,23.8,22.0,18.4,23.6,23.2,26.9,32.1,31.3,16.5,31.0,26.1,25.4,27.4,17.9,26.6,26.6,28.6,26.9,-2.0,17.3,27.4,29.4
2025-09-16 18:20:30,29.8,23.6,25.8,27.4,27.3,30.5,25.7,30.0,32.0,18.2,25.7,23.1,27.6,28.1,23.8,22.0,18.2,23.5,23.1,26.8,31.4,30.9,16.5,30.2,25.8,25.3,27.3,17.7,26.5,26.6,28.2,26.8,-2.2,17.1,27.4,29.1
2025-09-16 18:30:30,29.4,23.5,25.7,27.2,27.0,30.3,25.7,29.7,31.6,18.1,25.6,23.0,27.5,28.0,23.8,21.9,18.2,23.5,23.0,26.6,30.9,30.6,16.5,29.8,25.6,25.2,27.2,17.6,26.4,26.6,28.0,26.8,-2.2,17.0,27.4,28.9
2025-09-16 18:40:31,29.4,23.5,25.7,27.2,27.0,30.3,25.7,29.7,31.6,18.1,25.6,23.0,27.5,28.0,23.8,21.9,18.2,23.5,23.0,26.6,30.9,30.6,16.5,29.8,25.6,25.2,27.2,17.6,26.4,26.6,28.0,26.8,-2.2,17.0,27.4,28.9
2025-09-16 18:50:31,29.0,23.5,25.6,27.1,26.9,30.0,25.6,29.4,31.1,18.0,25.5,22.9,27.2,27.9,23.8,21.8,18.0,23.4,23.0,26.5,30.4,30.2,16.4,29.1,25.4,25.2,27.2,17.5,26.4,26.6,27.8,26.7,-2.3,16.7,27.4,28.6
2025-09-16 19:00:30,28.8,23.4,25.6,27.0,26.6,29.6,25.5,29.0,30.7,17.9,25.4,22.7,27.1,27.7,23.8,21.8,18.0,23.4,22.9,26.4,29.8,29.8,16.4,28.5,25.2,25.1,27.0,17.3,26.3,26.6,27.6,26.6,-2.5,16.4,27.5,28.5
2025-09-16 19:10:30,28.8,23.4,25.6,27.0,26.6,29.6,25.5,29.0,30.7,17.9,25.4,22.7,27.1,27.7,23.8,21.8,18.0,23.4,22.9,26.4,29.8,29.8,16.4,28.5,25.2,25.1,27.0,17.3,26.3,26.6,27.6,26.6,-2.5,16.4,27.5,28.5
2025-09-16 19:20:31,28.5,23.2,25.5,27.0,26.5,29.4,25.5,28.8,30.3,17.8,25.2,22.5,27.0,27.5,23.8,21.7,17.9,23.4,22.9,26.3,29.2,29.4,16.2,28.0,25.1,25.1,27.0,17.2,26.3,26.6,27.5,26.5,-2.6,16.1,27.5,28.2
2025-09-16 19:30:30,28.4,23.2,25.5,26.9,26.3,29.2,25.5,28.5,30.0,17.8,25.2,22.4,26.9,27.5,23.7,21.7,17.9,23.4,22.8,26.2,28.9,29.0,16.2,27.7,25.1,25.1,26.9,17.1,26.3,26.6,27.4,26.4,-2.7,15.9,27.5,28.1
2025-09-16 19:40:30,28.4,23.2,25.5,26.9,26.3,29.2,25.5,28.5,30.0,17.8,25.2,22.4,26.9,27.5,23.7,21.7,17.9,23.4,22.8,26.2,28.9,29.0,16.2,27.7,25.1,25.1,26.9,17.1,26.3,26.6,27.4,26.4,-2.7,15.9,27.5,28.1
2025-09-16 19:50:30,28.2,23.1,25.5,26.8,26.2,29.0,25.4,28.2,29.7,17.6,25.1,22.3,26.7,27.2,23.7,21.6,17.7,23.4,22.8,26.2,28.5,28.8,16.1,27.4,25.0,25.0,26.9,17.0,26.3,26.6,27.2,26.4,-2.8,15.6,27.5,28.0
2025-09-16 20:00:31,28.1,23.0,25.4,26.8,26.1,28.9,25.4,27.9,29.5,17.6,25.1,22.2,26.5,27.0,23.7,21.6,17.6,23.3,22.6,26.1,28.2,28.5,16.1,27.2,24.9,25.0,26.8,17.0,26.2,26.6,27.1,26.2,-3.0,15.3,27.4,27.8
2025-09-16 20:10:29,28.1,23.0,25.4,26.8,26.1,28.9,25.4,27.9,29.5,17.6,25.1,22.2,26.5,27.0,23.7,21.6,17.6,23.3,22.6,26.1,28.2,28.5,16.1,27.2,24.9,25.0,26.8,17.0,26.2,26.6,27.1,26.2,-3.0,15.3,27.4,27.8
2025-09-16 20:20:30,28.0,23.0,25.4,26.7,26.0,28.7,25.3,27.5,29.2,17.5,25.0,22.1,26.4,26.9,23.7,21.6,17.5,23.2,22.6,26.1,28.0,28.2,16.0,27.1,24.8,25.0,26.8,16.9,26.2,26.7,27.0,26.2,-3.0,14.9,27.4,27.7
2025-09-16 20:30:30,28.0,23.0,25.4,26.6,26.0,28.6,25.3,27.3,29.1,17.5,25.0,22.0,26.3,26.7,23.7,21.6,17.4,23.2,22.5,26.1,27.9,28.1,16.0,27.0,24.8,25.0,26.7,16.9,26.2,26.7,26.9,26.1,-3.2,14.8,27.4,27.6
2025-09-16 20:40:31,28.0,23.0,25.4,26.6,26.0,28.6,25.3,27.3,29.1,17.5,25.0,22.0,26.3,26.7,23.7,21.6,17.4,23.2,22.5,26.1,27.9,28.1,16.0,27.0,24.8,25.0,26.7,16.9,26.2,26.7,26.9,26.1,-3.2,14.8,27.4,27.6
2025-09-16 20:50:30,27.9,23.0,25.3,26.6,26.0,28.5,25.2,27.1,28.9,17.5,25.0,22.0,26.2,26.5,23.7,21.5,17.3,23.1,22.5,26.0,27.8,27.9,15.9,26.9,24.6,25.0,26.6,16.8,26.2,26.7,26.8,26.1,-3.2,14.4,27.4,27.5
2025-09-16 21:00:30,27.8,23.0,25.3,26.5,25.9,28.4,25.2,26.9,28.7,17.5,24.9,22.0,26.1,26.4,23.7,21.5,17.2,23.1,22.4,26.0,27.6,27.6,15.9,26.7,24.6,24.9,26.6,16.8,26.2,26.7,26.6,26.1,-3.5,14.1,27.4,27.4
2025-09-16 21:10:29,27.8,23.0,25.3,26.5,25.9,28.4,25.2,26.9,28.7,17.5,24.9,22.0,26.1,26.4,23.7,21.5,17.2,23.1,22.4,26.0,27.6,27.6,15.9,26.7,24.6,24.9,26.6,16.8,26.2,26.7,26.6,26.1,-3.5,14.1,27.4,27.4
2025-09-16 21:20:31,27.6,22.9,25.2,26.5,25.9,28.4,25.3,26.6,28.5,17.4,24.8,22.0,26.0,26.2,23.7,21.5,17.1,23.0,22.4,26.0,27.6,27.5,15.9,26.5,24.5,24.9,26.5,16.7,26.2,26.7,26.5,26.1,-3.5,13.8,27.3,27.3
2025-09-16 21:30:32,27.6,22.9,25.2,26.5,25.8,28.3,25.3,26.5,28.5,17.4,24.7,22.0,26.0,26.1,23.7,21.5,17.1,23.0,22.3,26.0,27.5,27.4,16.0,26.5,24.5,24.9,26.5,16.7,26.2,26.7,26.5,26.0,-3.7,13.6,27.3,27.2
