C64F6A,1757826922,2025-09-14 05:15:22 UTC,31016af
C653CB,1757828043,2025-09-14 05:34:03 UTC,ed2f363
C656EC,1757828844,2025-09-14 05:47:24 UTC,9b3208b
C657BD,1757829053,2025-09-14 05:50:53 UTC,1a0e5f1
C65EB7,1757830839,2025-09-14 06:20:39 UTC,55417b6
C6605B,1757831259,2025-09-14 06:27:39 UTC,d7bffb0
C6610E,1757831438,2025-09-14 06:30:38 UTC,6e06f7b
C66367,1757832039,2025-09-14 06:40:39 UTC,68cbd49
C665BF,1757832639,2025-09-14 06:50:39 UTC,09793f5
C66815,1757833237,2025-09-14 07:00:37 UTC,37585aa
C66A6D,1757833837,2025-09-14 07:10:37 UTC,8f4cddf
C66CC9,1757834441,2025-09-14 07:20:41 UTC,6e6601f
C67208,1757835784,2025-09-14 07:43:04 UTC,434a409
C673CE,1757836238,2025-09-14 07:50:38 UTC,648ef0d
C67628,1757836840,2025-09-14 08:00:40 UTC,696c15b
C6787D,1757837437,2025-09-14 08:10:37 UTC,ce3bdf9
C67AD7,1757838039,2025-09-14 08:20:39 UTC,f504cf1
C67D2E,1757838638,2025-09-14 08:30:38 UTC,26de105
C67F85,1757839237,2025-09-14 08:40:37 UTC,56e55f9
C681DF,1757839839,2025-09-14 08:50:39 UTC,7f2f65a
C68436,1757840438,2025-09-14 09:00:38 UTC,7c137f8
C6868E,1757841038,2025-09-14 09:10:38 UTC,880eb1d
C688E5,1757841637,2025-09-14 09:20:37 UTC,1f2083b
C68B3E,1757842238,2025-09-14 09:30:38 UTC,fedb904
C68D97,1757842839,2025-09-14 09:40:39 UTC,18ed00b
C68FEF,1757843439,2025-09-14 09:50:39 UTC,e56de6e
C69246,1757844038,2025-09-14 10:00:38 UTC,3a6f440
C6949D,1757844637,2025-09-14 10:10:37 UTC,93034d9
C696F9,1757845241,2025-09-14 10:20:41 UTC,e485bc7
C6994C,1757845836,2025-09-14 10:30:36 UTC,4c52294
C69BA5,1757846437,2025-09-14 10:40:37 UTC,86f1a73
C69DFE,1757847038,2025-09-14 10:50:38 UTC,6106b17
C6A056,1757847638,2025-09-14 11:00:38 UTC,6b60f28
C6A2AD,1757848237,2025-09-14 11:10:37 UTC,d8d7257
C6A508,1757848840,2025-09-14 11:20:40 UTC,47a2c41
C6A75C,1757849436,2025-09-14 11:30:36 UTC,d69f468
C6A9B5,1757850037,2025-09-14 11:40:37 UTC,760031b
C6AC0D,1757850637,2025-09-14 11:50:37 UTC,42deb11
C6AE65,1757851237,2025-09-14 12:00:37 UTC,f097b71
C6B0BC,1757851836,2025-09-14 12:10:36 UTC,6473eff
C6B317,1757852439,2025-09-14 12:20:39 UTC,a98cc0e
C6B56E,1757853038,2025-09-14 12:30:38 UTC,b840613
C6B7C6,1757853638,2025-09-14 12:40:38 UTC,e7a0bfb
C6BA1E,1757854238,2025-09-14 12:50:38 UTC,ab166a5
C6BC76,1757854838,2025-09-14 13:00:38 UTC,25de356
C6BECD,1757855437,2025-09-14 13:10:37 UTC,ffd9053
C6C128,1757856040,2025-09-14 13:20:41 UTC,86e64f5
C6C37D,1757856637,2025-09-14 13:30:37 UTC,dba45a1
C6C5D6,1757857238,2025-09-14 13:40:38 UTC,0fb420d
C6C82E,1757857838,2025-09-14 13:50:38 UTC,174e7f7
C6CA86,1757858438,2025-09-14 14:00:38 UTC,4332a02
C6CCDE,1757859038,2025-09-14 14:10:38 UTC,666699a
C6CF36,1757859638,2025-09-14 14:20:38 UTC,537da9e
C6D18D,1757860237,2025-09-14 14:30:37 UTC,62c75a4
C6D3E5,1757860837,2025-09-14 14:40:37 UTC,4df03c8
C6D63D,1757861437,2025-09-14 14:50:37 UTC,e22b4a8
C6D895,1757862037,2025-09-14 15:00:37 UTC,760b484
C6DAED,1757862637,2025-09-14 15:10:37 UTC,da8eaba
C6DD46,1757863238,2025-09-14 15:20:38 UTC,367693c
C6DF9D,1757863837,2025-09-14 15:30:37 UTC,70a6b9c
C6E1F6,1757864438,2025-09-14 15:40:38 UTC,3632e61
C6E44D,1757865037,2025-09-14 15:50:37 UTC,6d71f61
C6E6A5,1757865637,2025-09-14 16:00:37 UTC,102601f
C6E8FD,1757866237,2025-09-14 16:10:37 UTC,96bfe1d
C6EB56,1757866838,2025-09-14 16:20:38 UTC,2bbd159
C6EDAE,1757867438,2025-09-14 16:30:38 UTC,3fa5d5c
C6F01A,1757868058,2025-09-14 16:40:58 UTC,5373954
C6F261,1757868641,2025-09-14 16:50:41 UTC,c97eb27
C6F4B6,1757869238,2025-09-14 17:00:38 UTC,34d174f
C6F70F,1757869839,2025-09-14 17:10:39 UTC,e7d1bc4
C6F967,1757870439,2025-09-14 17:20:39 UTC,d28ca61
C6FBC1,1757871041,2025-09-14 17:30:41 UTC,e183793
C6FE18,1757871640,2025-09-14 17:40:40 UTC,fc7fc7a
C70073,1757872243,2025-09-14 17:50:43 UTC,6ba330e
C702CB,1757872843,2025-09-14 18:00:43 UTC,3bd35c6
C70522,1757873442,2025-09-14 18:10:42 UTC,4e248ac
C7077A,1757874042,2025-09-14 18:20:42 UTC,fb9e714
C709D1,1757874641,2025-09-14 18:30:41 UTC,3778255
C70C2A,1757875242,2025-09-14 18:40:42 UTC,2272342
C70E82,1757875842,2025-09-14 18:50:42 UTC,b45f79b
C710DC,1757876444,2025-09-14 19:00:44 UTC,046f899
C71332,1757877042,2025-09-14 19:10:42 UTC,98c9b45
C71589,1757877641,2025-09-14 19:20:41 UTC,4a44ad2
C717E0,1757878240,2025-09-14 19:30:40 UTC,4b89177
C71A3A,1757878842,2025-09-14 19:40:42 UTC,81466cc
C71CA2,1757879458,2025-09-14 19:50:58 UTC,ad316f5
C71EF9,1757880057,2025-09-14 20:00:57 UTC,da87643
C72142,1757880642,2025-09-14 20:10:42 UTC,13c4f0b
C7239B,1757881243,2025-09-14 20:20:43 UTC,4d386e1
C725F1,1757881841,2025-09-14 20:30:41 UTC,72d8864
C7285A,1757882458,2025-09-14 20:40:58 UTC,059a6d3
C72AA4,1757883044,2025-09-14 20:50:44 UTC,255273f
C72CFB,1757883643,2025-09-14 21:00:43 UTC,9d71022
C72F53,1757884243,2025-09-14 21:10:43 UTC,9c6ff97
C731AA,1757884842,2025-09-14 21:20:42 UTC,edea1b4
C73405,1757885445,2025-09-14 21:30:45 UTC,4a4b78f
C73668,1757886056,2025-09-14 21:40:56 UTC,34e44d2
C738B2,1757886642,2025-09-14 21:50:42 UTC,a6326f6
C73B0A,1757887242,2025-09-14 22:00:42 UTC,00eb77f
C73D62,1757887842,2025-09-14 22:10:42 UTC,fd1171c
C73FB9,1757888441,2025-09-14 22:20:41 UTC,da38e83
C74211,1757889041,2025-09-14 22:30:41 UTC,130cfcf
C7446F,1757889647,2025-09-14 22:40:47 UTC,0653ea6
C746C2,1757890242,2025-09-14 22:50:42 UTC,7beacf6
C7491A,1757890842,2025-09-14 23:00:42 UTC,e804a94
C74B71,1757891441,2025-09-14 23:10:41 UTC,3835bf2
C74DC9,1757892041,2025-09-14 23:20:41 UTC,f07087b
C75027,1757892647,2025-09-14 23:30:47 UTC,5abdb8b
C75289,1757893257,2025-09-14 23:40:57 UTC,75a1e74
C754E2,1757893858,2025-09-14 23:50:58 UTC,c67e461
C7573A,1757894458,2025-09-15 00:00:58 UTC,488f23b
C75982,1757895042,2025-09-15 00:10:42 UTC,1cc4863
C75BDA,1757895642,2025-09-15 00:20:42 UTC,b829335
C75E4F,1757896271,2025-09-15 00:31:11 UTC,3f142cc
C7608D,1757896845,2025-09-15 00:40:45 UTC,0c36bc7
C762E3,1757897443,2025-09-15 00:50:43 UTC,7a1b75f
C76538,1757898040,2025-09-15 01:00:40 UTC,add38a3
C76794,1757898644,2025-09-15 01:10:44 UTC,9a1b7ae
C769F8,1757899256,2025-09-15 01:20:56 UTC,669357c
C76C62,1757899874,2025-09-15 01:31:14 UTC,a77b9cb
C76E9C,1757900444,2025-09-15 01:40:44 UTC,690da5f
C770F5,1757901045,2025-09-15 01:50:45 UTC,16b0fe5
C7734D,1757901645,2025-09-15 02:00:45 UTC,887c86e
C775A5,1757902245,2025-09-15 02:10:45 UTC,d3df105
C7780C,1757902860,2025-09-15 02:21:00 UTC,e3e6ead
C77A55,1757903445,2025-09-15 02:30:45 UTC,ba439fd
C77CAD,1757904045,2025-09-15 02:40:45 UTC,1bdbd66
C77F06,1757904646,2025-09-15 02:50:46 UTC,80522e5
C7815D,1757905245,2025-09-15 03:00:45 UTC,fe23ac4
C783B4,1757905844,2025-09-15 03:10:44 UTC,7da2a58
C7860D,1757906445,2025-09-15 03:20:45 UTC,0c06aa7
C78863,1757907043,2025-09-15 03:30:43 UTC,a6cf379
C78ABC,1757907644,2025-09-15 03:40:44 UTC,bda5af8
C78D13,1757908243,2025-09-15 03:50:43 UTC,caed1df
C78F6B,1757908843,2025-09-15 04:00:43 UTC,c7a5e97
C791C2,1757909442,2025-09-15 04:10:42 UTC,d87253f
C79418,1757910040,2025-09-15 04:20:40 UTC,2c09749
C79673,1757910643,2025-09-15 04:30:43 UTC,2272700
C798CD,1757911245,2025-09-15 04:40:45 UTC,55b1f9b
C79B22,1757911842,2025-09-15 04:50:42 UTC,5510074
C79D8B,1757912459,2025-09-15 05:00:59 UTC,331be28
C79FD2,1757913042,2025-09-15 05:10:42 UTC,a30308f
C7A229,1757913641,2025-09-15 05:20:41 UTC,f482b01
C7A482,1757914242,2025-09-15 05:30:42 UTC,a0735b5
C7A6D8,1757914840,2025-09-15 05:40:40 UTC,4b6484c
C7A930,1757915440,2025-09-15 05:50:40 UTC,40ba1d0
C7AB8C,1757916044,2025-09-15 06:00:44 UTC,3ea0094
C7ADE2,1757916642,2025-09-15 06:10:42 UTC,0ffe704
C7B039,1757917241,2025-09-15 06:20:41 UTC,121f2ed
C7B292,1757917842,2025-09-15 06:30:42 UTC,7bee9ee
C7B4EB,1757918443,2025-09-15 06:40:43 UTC,a2c874d
C7B740,1757919040,2025-09-15 06:50:40 UTC,4b74302
C7B99A,1757919642,2025-09-15 07:00:42 UTC,a3f31f4
C7BBF0,1757920240,2025-09-15 07:10:40 UTC,d2bc399
C7BE47,1757920839,2025-09-15 07:20:39 UTC,6c48399
C7C0A1,1757921441,2025-09-15 07:30:41 UTC,e4b5e29
C7C2F9,1757922041,2025-09-15 07:40:41 UTC,a2945d0
C7C551,1757922641,2025-09-15 07:50:41 UTC,c6230f0
C7C7AB,1757923243,2025-09-15 08:00:43 UTC,79ea38a
C7CA00,1757923840,2025-09-15 08:10:40 UTC,ddd0463
C7CC5A,1757924442,2025-09-15 08:20:42 UTC,2237357
C7CEB1,1757925041,2025-09-15 08:30:41 UTC,2074fad
C7D109,1757925641,2025-09-15 08:40:41 UTC,203d4ff
C7D361,1757926241,2025-09-15 08:50:41 UTC,1277e97
C7D5BA,1757926842,2025-09-15 09:00:42 UTC,0d4fc31
C7D80E,1757927438,2025-09-15 09:10:38 UTC,eba2fd3
C7DA68,1757928040,2025-09-15 09:20:40 UTC,c9223b8
C7DCC1,1757928641,2025-09-15 09:30:41 UTC,3dd1896
C7DF1B,1757929243,2025-09-15 09:40:43 UTC,b15855f
C7E171,1757929841,2025-09-15 09:50:41 UTC,1541feb
C7E3D0,1757930448,2025-09-15 10:00:48 UTC,08f069b
C7E620,1757931040,2025-09-15 10:10:40 UTC,4e42c55
C7E877,1757931639,2025-09-15 10:20:39 UTC,6c4bfaa
C7EACF,1757932239,2025-09-15 10:30:39 UTC,83d293e
C7ED29,1757932841,2025-09-15 10:40:41 UTC,90a4973
C7EF80,1757933440,2025-09-15 10:50:40 UTC,831deda
C7F1E8,1757934056,2025-09-15 11:00:56 UTC,2f16226
C7F430,1757934640,2025-09-15 11:10:40 UTC,0db4c2b
C7F686,1757935238,2025-09-15 11:20:38 UTC,f7d2c9f
C7F8E0,1757935840,2025-09-15 11:30:40 UTC,2625e23
C7FB39,1757936441,2025-09-15 11:40:41 UTC,62d02eb
C7FD91,1757937041,2025-09-15 11:50:41 UTC,89eab90
C7FFE8,1757937640,2025-09-15 12:00:40 UTC,0e7a3ce
C8023F,1757938239,2025-09-15 12:10:39 UTC,578fa7b
C80497,1757938839,2025-09-15 12:20:39 UTC,3df34d2
C806F0,1757939440,2025-09-15 12:30:40 UTC,faec90b
C8094A,1757940042,2025-09-15 12:40:42 UTC,0eddf9e
C80B9F,1757940639,2025-09-15 12:50:39 UTC,8dd6528
C80DFA,1757941242,2025-09-15 13:00:42 UTC,f5d7ab8
C81051,1757941841,2025-09-15 13:10:41 UTC,4913383
C812B9,1757942457,2025-09-15 13:20:57 UTC,2c29fe3
C81500,1757943040,2025-09-15 13:30:40 UTC,97c5afb
C81758,1757943640,2025-09-15 13:40:40 UTC,40934d2
C819AF,1757944239,2025-09-15 13:50:39 UTC,af254d8
C81C0A,1757944842,2025-09-15 14:00:42 UTC,9351263
C81E60,1757945440,2025-09-15 14:10:40 UTC,e85c1c7
C820B7,1757946039,2025-09-15 14:20:39 UTC,56db5d5
C82311,1757946641,2025-09-15 14:30:41 UTC,09b0da7
C82569,1757947241,2025-09-15 14:40:41 UTC,c185429
C827C0,1757947840,2025-09-15 14:50:40 UTC,0ef8080
C82A1C,1757948444,2025-09-15 15:00:44 UTC,36f323c
C82C6F,1757949039,2025-09-15 15:10:39 UTC,b89d789
C82EC8,1757949640,2025-09-15 15:20:40 UTC,9144b74
C83122,1757950242,2025-09-15 15:30:42 UTC,e2d31dc
C83378,1757950840,2025-09-15 15:40:40 UTC,904470e
C835D0,1757951440,2025-09-15 15:50:40 UTC,a9da1a9
C83829,1757952041,2025-09-15 16:00:41 UTC,4edba28
C83A82,1757952642,2025-09-15 16:10:42 UTC,e1da686
C83CDB,1757953243,2025-09-15 16:20:43 UTC,93377fa
C83F30,1757953840,2025-09-15 16:30:40 UTC,4530f05
C84189,1757954441,2025-09-15 16:40:41 UTC,3366518
C843E0,1757955040,2025-09-15 16:50:40 UTC,9eace8a
C84638,1757955640,2025-09-15 17:00:40 UTC,96ddff9
C84894,1757956244,2025-09-15 17:10:44 UTC,bcc4eed
C84AE2,1757956834,2025-09-15 17:20:34 UTC,9753cfc
C84D39,1757957433,2025-09-15 17:30:33 UTC,a6dceec
C84F91,1757958033,2025-09-15 17:40:33 UTC,2f3b236
C851EA,1757958634,2025-09-15 17:50:34 UTC,40f79f2
C85442,1757959234,2025-09-15 18:00:34 UTC,e5725a2
C85699,1757959833,2025-09-15 18:10:33 UTC,65ee547
C858F1,1757960433,2025-09-15 18:20:33 UTC,4932a3a
C85B4B,1757961035,2025-09-15 18:30:35 UTC,45c83fd
C85DA1,1757961633,2025-09-15 18:40:33 UTC,90c89e7
C85FFA,1757962234,2025-09-15 18:50:34 UTC,e828e83
C86251,1757962833,2025-09-15 19:00:33 UTC,bc5e111
C864A9,1757963433,2025-09-15 19:10:33 UTC,17b014a
C86702,1757964034,2025-09-15 19:20:34 UTC,fe12f18
C86959,1757964633,2025-09-15 19:30:33 UTC,e539609
C86BB2,1757965234,2025-09-15 19:40:34 UTC,2b6f62c
C86E09,1757965833,2025-09-15 19:50:33 UTC,2ddc3a3
C87063,1757966435,2025-09-15 20:00:35 UTC,506e373
C872BA,1757967034,2025-09-15 20:10:34 UTC,ecdb897
C87512,1757967634,2025-09-15 20:20:34 UTC,8a8f3a5
C87769,1757968233,2025-09-15 20:30:33 UTC,6d989e9
C879C3,1757968835,2025-09-15 20:40:35 UTC,1343765
C87C1A,1757969434,2025-09-15 20:50:34 UTC,0107861
C87E71,1757970033,2025-09-15 21:00:33 UTC,192346c
C880CE,1757970638,2025-09-15 21:10:38 UTC,bd556cb
C88336,1757971254,2025-09-15 21:20:54 UTC,9029fb7
C8858D,1757971853,2025-09-15 21:30:53 UTC,ced0b3d
C887D8,1757972440,2025-09-15 21:40:40 UTC,0ca45ed
C88A3E,1757973054,2025-09-15 21:50:54 UTC,1255e9e
C88C96,1757973654,2025-09-15 22:00:54 UTC,5904b42
C88EEE,1757974254,2025-09-15 22:10:54 UTC,d17a742
C89137,1757974839,2025-09-15 22:20:39 UTC,35731a8
C893AA,1757975466,2025-09-15 22:31:06 UTC,a6d8c88
C895F4,1757976052,2025-09-15 22:40:52 UTC,6e6ed18
C8984E,1757976654,2025-09-15 22:50:54 UTC,aa23f32
C89A97,1757977239,2025-09-15 23:00:39 UTC,bf08fab
C89CEE,1757977838,2025-09-15 23:10:38 UTC,50f2133
C89F4A,1757978442,2025-09-15 23:20:42 UTC,287700d
C8A1AD,1757979053,2025-09-15 23:30:53 UTC,072873c
C8A3F8,1757979640,2025-09-15 23:40:40 UTC,b799496
C8A652,1757980242,2025-09-15 23:50:42 UTC,bee2e17
C8A8AB,1757980843,2025-09-16 00:00:43 UTC,9db039d
C8AB0F,1757981455,2025-09-16 00:10:55 UTC,865b55b
C8AD68,1757982056,2025-09-16 00:20:56 UTC,d41ed13
C8AFC2,1757982658,2025-09-16 00:30:58 UTC,32d063b
C8B224,1757983268,2025-09-16 00:41:08 UTC,545b9cc
C8B465,1757983845,2025-09-16 00:50:45 UTC,9dd3379
C8B6C6,1757984454,2025-09-16 01:00:54 UTC,98a8c85
C8B910,1757985040,2025-09-16 01:10:40 UTC,8f248fa
C8BB79,1757985657,2025-09-16 01:20:57 UTC,c3f25e1
C8BDE0,1757986272,2025-09-16 01:31:12 UTC,e6920f9
C8C034,1757986868,2025-09-16 01:41:08 UTC,76143a4
C8C2A1,1757987489,2025-09-16 01:51:29 UTC,5595a3a
C8C4DB,1757988059,2025-09-16 02:00:59 UTC,0ceabc3
C8C740,1757988672,2025-09-16 02:11:12 UTC,0bf1584
C8C978,1757989240,2025-09-16 02:20:40 UTC,c5aa5bb
C8CBD5,1757989845,2025-09-16 02:30:45 UTC,39dac20
C8CE28,1757990440,2025-09-16 02:40:40 UTC,f43bb63
C8D084,1757991044,2025-09-16 02:50:44 UTC,30938f3
C8D303,1757991683,2025-09-16 03:01:23 UTC,3d74034
C8D540,1757992256,2025-09-16 03:10:56 UTC,cbed51e
C8D7A4,1757992868,2025-09-16 03:21:08 UTC,1ba0ad1
C8D9ED,1757993453,2025-09-16 03:30:53 UTC,58dc4c6
C8DC35,1757994037,2025-09-16 03:40:37 UTC,172488c
C8DE90,1757994640,2025-09-16 03:50:40 UTC,788f8ac
C8E0E6,1757995238,2025-09-16 04:00:38 UTC,07236d4
C8E34D,1757995853,2025-09-16 04:10:53 UTC,14f0fdf
C8E594,1757996436,2025-09-16 04:20:36 UTC,2bc5024
C8E7ED,1757997037,2025-09-16 04:30:37 UTC,6ff49bf
C8EA43,1757997635,2025-09-16 04:40:35 UTC,8abea9f
C8EC9B,1757998235,2025-09-16 04:50:35 UTC,439646d
C8EF00,1757998848,2025-09-16 05:00:48 UTC,a2fdc87
C8F14A,1757999434,2025-09-16 05:10:34 UTC,3c67add
C8F3A1,1758000033,2025-09-16 05:20:33 UTC,56b2d8e
C8F5FA,1758000634,2025-09-16 05:30:34 UTC,f0aa553
C8F850,1758001232,2025-09-16 05:40:32 UTC,33d560e
C8FAA9,1758001833,2025-09-16 05:50:33 UTC,318b24a
C8FD00,1758002432,2025-09-16 06:00:32 UTC,6923cfa
C8FF59,1758003033,2025-09-16 06:10:33 UTC,96d9b46
C901B1,1758003633,2025-09-16 06:20:33 UTC,035195e
C90407,1758004231,2025-09-16 06:30:31 UTC,a14f7db
C90661,1758004833,2025-09-16 06:40:33 UTC,5aeb935
C908B8,1758005432,2025-09-16 06:50:32 UTC,635dd18
C90B10,1758006032,2025-09-16 07:00:32 UTC,bd39e92
C90D69,1758006633,2025-09-16 07:10:33 UTC,9c5b1e5
C90FC0,1758007232,2025-09-16 07:20:32 UTC,dc31de7
C91219,1758007833,2025-09-16 07:30:33 UTC,652ded9
C91470,1758008432,2025-09-16 07:40:32 UTC,a56615d
C916C9,1758009033,2025-09-16 07:50:33 UTC,d329dd9
C91921,1758009633,2025-09-16 08:00:33 UTC,9524da8
C91B78,1758010232,2025-09-16 08:10:32 UTC,1ab674c
C91DD0,1758010832,2025-09-16 08:20:32 UTC,418ac49
C92029,1758011433,2025-09-16 08:30:33 UTC,a596e3a
C92280,1758012032,2025-09-16 08:40:32 UTC,f1bf8b8
C924D8,1758012632,2025-09-16 08:50:32 UTC,7ad8fe4
C92731,1758013233,2025-09-16 09:00:33 UTC,c69cb7b
C92989,1758013833,2025-09-16 09:10:33 UTC,8d2650c
C92BE1,1758014433,2025-09-16 09:20:33 UTC,9c24b1b
C92E38,1758015032,2025-09-16 09:30:32 UTC,e553fcf
C93091,1758015633,2025-09-16 09:40:33 UTC,4220ce8
C932E8,1758016232,2025-09-16 09:50:32 UTC,87ecb26
C93540,1758016832,2025-09-16 10:00:32 UTC,6a75e22
C93798,1758017432,2025-09-16 10:10:32 UTC,f7a330d
C939F0,1758018032,2025-09-16 10:20:32 UTC,5f4ee94
C93C49,1758018633,2025-09-16 10:30:33 UTC,17bf297
C93EB0,1758019248,2025-09-16 10:40:48 UTC,dfd0e17
C940F8,1758019832,2025-09-16 10:50:32 UTC,cf4f8d3
C94351,1758020433,2025-09-16 11:00:33 UTC,89751b3
C945A9,1758021033,2025-09-16 11:10:33 UTC,9d927b0
C94800,1758021632,2025-09-16 11:20:32 UTC,7719ae9
C94A58,1758022232,2025-09-16 11:30:32 UTC,c7da5c7
C94CB1,1758022833,2025-09-16 11:40:33 UTC,bb16deb
C94F12,1758023442,2025-09-16 11:50:42 UTC,2fe3fb0
C95160,1758024032,2025-09-16 12:00:32 UTC,02f66af
C953B9,1758024633,2025-09-16 12:10:33 UTC,29e63b1
C95610,1758025232,2025-09-16 12:20:32 UTC,5be99de
C95869,1758025833,2025-09-16 12:30:33 UTC,df94c66
C95ABF,1758026431,2025-09-16 12:40:31 UTC,ca84637
C95D19,1758027033,2025-09-16 12:50:33 UTC,c245a75
C95F70,1758027632,2025-09-16 13:00:32 UTC,4262550
C961C9,1758028233,2025-09-16 13:10:33 UTC,d6b7624
C96421,1758028833,2025-09-16 13:20:33 UTC,692e9d5
C96678,1758029432,2025-09-16 13:30:32 UTC,1c30962
C968D0,1758030032,2025-09-16 13:40:32 UTC,d5711f1
C96B29,1758030633,2025-09-16 13:50:33 UTC,e7fbaab
C96D80,1758031232,2025-09-16 14:00:32 UTC,66d25a2
C96FD8,1758031832,2025-09-16 14:10:32 UTC,71c0f27
C97230,1758032432,2025-09-16 14:20:32 UTC,b77f418
C97489,1758033033,2025-09-16 14:30:33 UTC,4358499
C976E0,1758033632,2025-09-16 14:40:32 UTC,daf3710
C97939,1758034233,2025-09-16 14:50:33 UTC,e1003cf
C97B90,1758034832,2025-09-16 15:00:32 UTC,078a2fb
C97DE9,1758035433,2025-09-16 15:10:33 UTC,13ba681
C98040,1758036032,2025-09-16 15:20:32 UTC,d92bf7d
C98299,1758036633,2025-09-16 15:30:33 UTC,92a0281
C984EF,1758037231,2025-09-16 15:40:31 UTC,b5666c6
C9874A,1758037834,2025-09-16 15:50:34 UTC,94f05c7
C989A2,1758038434,2025-09-16 16:00:34 UTC,dc059eb
C98BF9,1758039033,2025-09-16 16:10:33 UTC,73751af
C98E51,1758039633,2025-09-16 16:20:33 UTC,6e845c9
C990A9,1758040233,2025-09-16 16:30:33 UTC,b458c9c
C99302,1758040834,2025-09-16 16:40:34 UTC,27aa347
C99559,1758041433,2025-09-16 16:50:33 UTC,b3b771e
C997B1,1758042033,2025-09-16 17:00:33 UTC,d8f743f
C99A0B,1758042635,2025-09-16 17:10:35 UTC,d318604
C99C62,1758043234,2025-09-16 17:20:34 UTC,49c5d4b
C99EB9,1758043833,2025-09-16 17:30:33 UTC,a2cc84c
C9A112,1758044434,2025-09-16 17:40:34 UTC,5a03c78
C9A369,1758045033,2025-09-16 17:50:33 UTC,51f01d3
C9A5C1,1758045633,2025-09-16 18:00:33 UTC,8e6964b
C9A819,1758046233,2025-09-16 18:10:33 UTC,08db062
C9AA72,1758046834,2025-09-16 18:20:34 UTC,57dd070
C9ACCA,1758047434,2025-09-16 18:30:34 UTC,ce62254
C9AF23,1758048035,2025-09-16 18:40:35 UTC,a331ebe
C9B178,1758048632,2025-09-16 18:50:32 UTC,b4ebbd1
C9B3D2,1758049234,2025-09-16 19:00:34 UTC,6e1367e
C9B62A,1758049834,2025-09-16 19:10:34 UTC,79d21d6
C9B881,1758050433,2025-09-16 19:20:33 UTC,f0fab43
C9BADA,1758051034,2025-09-16 19:30:34 UTC,b63a340
C9BD32,1758051634,2025-09-16 19:40:34 UTC,fed1d91
